member_id,member_state,month,risk_score,risk_percentile,iforest_score,iforest_risk,hop_flag,high_util_flag,flag_overall_high,claims,providers,specialties,allowed_sum,allowed_mean,weekend_pct,distinct_icd10,distinct_cpt,claims_per_provider,provider_hopping_index,claims_spike_vs_roll3,allowed_spike_vs_roll3
M122342,CT,2024-05,0.946221042595408,4.294757818606609e-06,0.0,1.0,0,0,0,1,1,1,91.82,91.82,0.0,1,1,1.0,1.0,0.75,0.5837624769533981
M120921,MA,2024-08,0.946217821527044,8.589515637213217e-06,0.0001825302108516,0.9999957052421814,0,0,0,1,1,1,91.91,91.91,0.0,1,1,1.0,1.0,0.75,0.6522448786488145
M117043,PA,2024-04,0.9462146004586802,1.2884273455819826e-05,0.0002936585482665,0.9999914104843628,0,0,0,1,1,1,91.57,91.57,0.0,1,1,1.0,1.0,0.75,0.5806349340547852
M102819,MA,2024-11,0.9462097688561342,1.932641018372974e-05,0.0003149140921392,0.9999849683476348,0,0,0,1,1,1,91.57,91.57,0.0,1,1,1.0,1.0,0.75,0.5569048005189748
M112293,NJ,2024-05,0.9462097688561342,1.932641018372974e-05,0.0003149140921392,0.9999849683476348,0,0,0,1,1,1,91.52,91.52,0.0,1,1,1.0,1.0,0.75,0.5623809426271481
M105551,NY,2024-10,0.9462049372535885,2.576854691163965e-05,0.0004062574749464,0.999978526210907,0,0,0,1,1,1,92.11,92.11,0.0,1,1,1.0,1.0,0.75,0.5850730467922931
M123639,PA,2024-10,0.9462017161852244,3.0063304730246265e-05,0.0004275153347685,0.9999742314530884,0,0,0,1,1,1,92.05,92.05,0.0,1,1,1.0,1.0,0.75,0.5558574879227053
M107913,PA,2024-08,0.9461984951168604,3.435806254885287e-05,0.0005069430741242,0.9999699366952698,0,0,0,1,1,1,99.26,99.26,0.0,1,1,1.0,1.0,0.75,0.5579539066891512
M106241,NY,2024-04,0.9461952740484963,3.865282036745948e-05,0.0005888594622714,0.9999656419374512,0,0,0,1,1,1,92.28,92.28,0.0,1,1,1.0,1.0,0.75,0.6505769275961741
M117816,PA,2024-11,0.9461888319117686,4.72423360046727e-05,0.0006406017419353,0.999957052421814,0,0,0,1,1,1,98.75,98.75,0.0,1,1,1.0,1.0,0.75,0.5745064577434745
M122382,NJ,2024-08,0.9461888319117686,4.72423360046727e-05,0.0006406017419353,0.999957052421814,0,0,0,1,1,1,98.74,98.74,0.0,1,1,1.0,1.0,0.75,0.5772468625769741
M122338,NJ,2024-09,0.9461888319117686,4.72423360046727e-05,0.0006406017419353,0.999957052421814,0,0,0,1,1,1,98.23,98.23,0.0,1,1,1.0,1.0,0.75,0.5729589951976357
M117831,PA,2024-11,0.9461807792408586,5.797923055118922e-05,0.0006503392425875,0.9999463155272674,0,0,0,1,1,1,96.79,96.79,0.0,1,1,1.0,1.0,0.75,0.5603002469898117
M122522,CT,2024-05,0.9461807792408586,5.797923055118922e-05,0.0006503392425875,0.9999463155272674,0,0,0,1,1,1,97.04,97.04,0.0,1,1,1.0,1.0,0.75,0.5555089111933748
M100991,PA,2024-04,0.9461727265699488,6.871612509770574e-05,0.0006618644217806,0.9999355786327208,0,0,0,1,1,1,98.44,98.44,0.0,1,1,1.0,1.0,0.75,0.5606348242083681
M119515,MA,2024-09,0.9461727265699488,6.871612509770574e-05,0.0006618644217806,0.9999355786327208,0,0,0,1,1,1,98.75,98.75,0.0,1,1,1.0,1.0,0.75,0.5598813146107762
M111719,NJ,2024-07,0.9461727265699488,6.871612509770574e-05,0.0006618644217806,0.9999355786327208,0,0,0,1,1,1,97.49,97.49,0.0,1,1,1.0,1.0,0.75,0.5625072123706583
M121651,PA,2024-09,0.9461662844332208,7.730564073491896e-05,0.0007222701805456,0.9999269891170836,0,0,0,1,1,1,96.36,96.36,0.0,1,1,1.0,1.0,0.75,0.5597010590718119
M110158,PA,2024-06,0.9461630633648568,8.160039855352557e-05,0.0007966920142535,0.9999226943592652,0,0,0,1,1,1,91.88,91.88,0.0,1,1,1.0,1.0,0.75,0.6266681823348869
M104810,MA,2024-05,0.946159842296493,8.589515637213218e-05,0.000822978364642,0.9999183996014464,0,0,0,1,1,1,91.83,91.83,0.0,1,1,1.0,1.0,0.75,0.6101661129568107
M101772,MA,2024-10,0.9461566212281288,9.01899141907388e-05,0.000835282609531,0.999914104843628,0,0,0,1,1,1,91.41,91.41,0.0,1,1,1.0,1.0,0.75,0.6127907756251257
M123115,PA,2024-11,0.9461517896255832,9.66320509186487e-05,0.0008665974462465,0.9999076627069,0,0,0,1,1,1,98.75,98.75,0.0,1,1,1.0,1.0,0.75,0.5701830359720539
M102392,MA,2024-08,0.9461517896255832,9.66320509186487e-05,0.0008665974462465,0.9999076627069,0,0,0,1,1,1,98.03,98.03,0.0,1,1,1.0,1.0,0.75,0.5711150813687031
M115261,MA,2024-03,0.946145347488855,0.0001052215665558,0.0008986522994426,0.9998990731912628,0,0,0,1,1,1,95.67,95.67,0.0,1,1,1.0,1.0,0.75,0.5778220692154377
M113555,NJ,2024-07,0.946145347488855,0.0001052215665558,0.0008986522994426,0.9998990731912628,0,0,0,1,1,1,95.94,95.94,0.0,1,1,1.0,1.0,0.75,0.5734951282204556
M101787,PA,2024-04,0.9461405158863092,0.0001116637032837,0.0009003765528719,0.9998926310545349,0,0,0,1,1,1,91.88,91.88,0.0,1,1,1.0,1.0,0.75,0.652618619187423
M110252,MA,2024-10,0.9461372948179452,0.0001159584611023,0.0009199202869051,0.9998883362967164,0,0,0,1,1,1,95.68,95.68,0.0,1,1,1.0,1.0,0.75,0.5605702568108583
M107658,NY,2024-12,0.9461340737495814,0.0001202532189209,0.0009249624355931,0.9998840415388976,0,0,0,1,1,1,91.95,91.95,0.0,1,1,1.0,1.0,0.75,0.5503132107090133
M109318,PA,2024-04,0.9461308526812172,0.0001245479767395,0.0009270151678462,0.999879746781079,0,0,0,1,1,1,96.56,96.56,0.0,1,1,1.0,1.0,0.75,0.56632323903736
M119773,NJ,2024-12,0.9461211894761254,0.0001374322501954,0.0009309795739098,0.9998668625076232,0,0,0,1,1,1,92.57,92.57,0.0,1,1,1.0,1.0,0.75,0.5778401997503122
M102269,NJ,2024-05,0.9461211894761254,0.0001374322501954,0.0009309795739098,0.9998668625076232,0,0,0,1,1,1,93.35,93.35,0.0,1,1,1.0,1.0,0.75,0.5816561779550127
M104551,CT,2024-08,0.9461211894761254,0.0001374322501954,0.0009309795739098,0.9998668625076232,0,0,0,1,1,1,92.65,92.65,0.0,1,1,1.0,1.0,0.75,0.5758950770760815
M101771,MA,2024-08,0.9461211894761254,0.0001374322501954,0.0009309795739098,0.9998668625076232,0,0,0,1,1,1,92.63,92.63,0.0,1,1,1.0,1.0,0.75,0.5776498222711871
M119492,PA,2024-12,0.9461211894761254,0.0001374322501954,0.0009309795739098,0.9998668625076232,0,0,0,1,1,1,92.7,92.7,0.0,1,1,1.0,1.0,0.75,0.5767794922847188
M114912,NJ,2024-05,0.9461083052026696,0.0001546112814698,0.000952248226284,0.9998496834763488,0,0,0,1,1,1,93.26,93.26,0.0,1,1,1.0,1.0,0.75,0.5635499335293882
M114248,NJ,2024-08,0.9461083052026696,0.0001546112814698,0.000952248226284,0.9998496834763488,0,0,0,1,1,1,92.49,92.49,0.0,1,1,1.0,1.0,0.75,0.5614869376935062
M105236,MA,2024-05,0.9461083052026696,0.0001546112814698,0.000952248226284,0.9998496834763488,0,0,0,1,1,1,93.15,93.15,0.0,1,1,1.0,1.0,0.75,0.5644656311228715
M114881,PA,2024-05,0.9461018630659416,0.000163200797107,0.0010813412817559,0.9998410939607116,0,0,0,1,1,1,95.89,95.89,0.0,1,1,1.0,1.0,0.75,0.6508960086885691
M120730,NJ,2024-08,0.946097031463396,0.0001696429338349,0.0011136742677185,0.9998346518239836,0,0,0,1,1,1,92.82,92.82,0.0,1,1,1.0,1.0,0.75,0.6496057481453833
M103762,NY,2024-04,0.946097031463396,0.0001696429338349,0.0011136742677185,0.9998346518239836,0,0,0,1,1,1,92.72,92.72,0.0,1,1,1.0,1.0,0.75,0.6518407423898015
M116446,MA,2024-03,0.9460921998608498,0.0001760850705628,0.0011168708381373,0.9998282096872556,0,0,0,1,1,1,91.56,91.56,0.0,1,1,1.0,1.0,0.75,0.6153087968459489
M102216,NY,2024-10,0.946088978792486,0.0001803798283814,0.0011247044170894,0.9998239149294372,0,0,0,1,1,1,95.56,95.56,0.0,1,1,1.0,1.0,0.75,0.568629006664551
M113007,NJ,2024-04,0.94608414718994,0.0001868219651093,0.0011561121505541,0.9998174727927092,0,0,0,1,1,1,98.35,98.35,0.0,1,1,1.0,1.0,0.75,0.623823921178933
M112022,NY,2024-04,0.94608414718994,0.0001868219651093,0.0011561121505541,0.9998174727927092,0,0,0,1,1,1,98.71,98.71,0.0,1,1,1.0,1.0,0.75,0.616039109631787
M112965,NY,2024-08,0.94607609451903,0.0001975588596559,0.001157038758735,0.9998067358981628,0,0,0,1,1,1,92.96,92.96,0.0,1,1,1.0,1.0,0.75,0.567071310925395
M103554,NY,2024-10,0.94607609451903,0.0001975588596559,0.001157038758735,0.9998067358981628,0,0,0,1,1,1,92.98,92.98,0.0,1,1,1.0,1.0,0.75,0.572231567718377
M101404,NJ,2024-03,0.94607609451903,0.0001975588596559,0.001157038758735,0.9998067358981628,0,0,0,1,1,1,93.06,93.06,0.0,1,1,1.0,1.0,0.75,0.5659780647515559
M104171,NY,2024-03,0.9460696523823022,0.0002061483752931,0.0011594243141358,0.9997981463825256,0,0,0,1,1,1,98.55,98.55,0.0,1,1,1.0,1.0,0.75,0.5519771479780441
M108752,NY,2024-06,0.9460664313139382,0.0002104431331117,0.0011824076387904,0.9997938516247068,0,0,0,1,1,1,97.54,97.54,0.0,1,1,1.0,1.0,0.75,0.6132405641595239
M116491,NJ,2024-07,0.9460583786430284,0.0002211800276582,0.0011998908599271,0.9997831147301603,0,0,0,1,1,1,94.68,94.68,0.0,1,1,1.0,1.0,0.75,0.5727767695099818
M103790,PA,2024-12,0.9460583786430284,0.0002211800276582,0.0011998908599271,0.9997831147301603,0,0,0,1,1,1,95.43,95.43,0.0,1,1,1.0,1.0,0.75,0.5803332522500607
M122907,CT,2024-07,0.9460583786430284,0.0002211800276582,0.0011998908599271,0.9997831147301603,0,0,0,1,1,1,94.8,94.8,0.0,1,1,1.0,1.0,0.75,0.57386145806009
M104637,MA,2024-12,0.9460583786430284,0.0002211800276582,0.0011998908599271,0.9997831147301603,0,0,0,1,1,1,94.76,94.76,0.0,1,1,1.0,1.0,0.75,0.5817184718328593
M107340,NY,2024-05,0.9460503259721184,0.0002319169222047,0.0012009570191535,0.999772377835614,0,0,0,1,1,1,91.93,91.93,0.0,1,1,1.0,1.0,0.75,0.6285668702707631
M113190,NJ,2024-05,0.9460471049037544,0.0002362116800233,0.0012165467888996,0.9997680830777952,0,0,0,1,1,1,96.54,96.54,0.0,1,1,1.0,1.0,0.75,0.6252860658923097
M119342,CT,2024-08,0.9460438838353904,0.0002405064378419,0.0012211650433035,0.9997637883199766,0,0,0,1,1,1,95.02,95.02,0.0,1,1,1.0,1.0,0.75,0.5553910298873864
M119104,NY,2024-09,0.9460390522328446,0.0002469485745698,0.0012428438136181,0.9997573461832489,0,0,0,1,1,1,96.32,96.32,0.0,1,1,1.0,1.0,0.75,0.6116591168875153
M119566,NJ,2024-07,0.9460390522328446,0.0002469485745698,0.0012428438136181,0.9997573461832489,0,0,0,1,1,1,96.37,96.37,0.0,1,1,1.0,1.0,0.75,0.613952006795498
M112828,NY,2024-05,0.9460309995619348,0.0002576854691163,0.0012536118926514,0.9997466092887022,0,0,0,1,1,1,91.71,91.71,0.0,1,1,1.0,1.0,0.75,0.5932722371967655
M112094,NJ,2024-11,0.9460309995619348,0.0002576854691163,0.0012536118926514,0.9997466092887022,0,0,0,1,1,1,91.57,91.57,0.0,1,1,1.0,1.0,0.75,0.6016425755584756
M121977,NJ,2024-10,0.9460309995619348,0.0002576854691163,0.0012536118926514,0.9997466092887022,0,0,0,1,1,1,91.48,91.48,0.0,1,1,1.0,1.0,0.75,0.5869495476613128
M111557,NJ,2024-08,0.9460229468910248,0.0002684223636629,0.001279563511949,0.9997358723941556,0,0,0,1,1,1,97.2,97.2,0.0,1,1,1.0,1.0,0.75,0.6169339482926415
M114159,CT,2024-10,0.9460229468910248,0.0002684223636629,0.001279563511949,0.9997358723941556,0,0,0,1,1,1,97.13,97.13,0.0,1,1,1.0,1.0,0.75,0.6234007958581148
M117735,PA,2024-10,0.9460181152884788,0.0002748645003908,0.00130042778001,0.9997294302574278,0,0,0,1,1,1,97.09,97.09,0.0,1,1,1.0,1.0,0.75,0.5448780305297816
M109983,MA,2024-11,0.946014894220115,0.0002791592582094,0.0013035332521896,0.9997251354996092,0,0,0,1,1,1,91.88,91.88,0.0,1,1,1.0,1.0,0.75,0.4276405610028547
M110960,NJ,2024-06,0.9460100626175688,0.0002856013949373,0.0013119602067814,0.9997186933628812,0,0,0,1,1,1,98.23,98.23,0.0,1,1,1.0,1.0,0.75,0.5458334105095483
M100278,CT,2024-12,0.9460100626175688,0.0002856013949373,0.0013119602067814,0.9997186933628812,0,0,0,1,1,1,98.16,98.16,0.0,1,1,1.0,1.0,0.75,0.548308414173199
M122468,PA,2024-10,0.9460052310150232,0.0002920435316652,0.0013586369512112,0.9997122512261534,0,0,0,1,1,1,98.9,98.9,0.0,1,1,1.0,1.0,0.75,0.6373928548411352
M102533,CT,2024-11,0.9460020099466592,0.0002963382894838,0.0013826330642558,0.9997079564683348,0,0,0,1,1,1,94.99,94.99,0.0,1,1,1.0,1.0,0.75,0.6517175136074647
M110722,PA,2024-06,0.9459987888782952,0.0003006330473024,0.0013989887522259,0.9997036617105162,0,0,0,1,1,1,99.07,99.07,0.0,1,1,1.0,1.0,0.75,0.5953368187007992
M110171,NJ,2024-11,0.9459955678099312,0.000304927805121,0.0014054616711382,0.9996993669526976,0,0,0,1,1,1,99.21,99.21,0.0,1,1,1.0,1.0,0.75,0.6305853937583422
M100730,MA,2024-10,0.9459907362073852,0.0003113699418489,0.0014260088323896,0.9996929248159696,0,0,0,1,1,1,94.13,94.13,0.0,1,1,1.0,1.0,0.75,0.5674355986014549
M108603,MA,2024-08,0.9459907362073852,0.0003113699418489,0.0014260088323896,0.9996929248159696,0,0,0,1,1,1,95.28,95.28,0.0,1,1,1.0,1.0,0.75,0.5687452743841777
M104179,MA,2024-05,0.9459859046048392,0.0003178120785768,0.0014354301700868,0.9996864826792418,0,0,0,1,1,1,97.35,97.35,0.0,1,1,1.0,1.0,0.75,0.5428035090327856
M103266,PA,2024-12,0.9459826835364754,0.0003221068363954,0.00144486151615,0.9996821879214232,0,0,0,1,1,1,95.56,95.56,0.0,1,1,1.0,1.0,0.75,0.6571461318051576
M103714,NJ,2024-12,0.9459778519339296,0.0003285489731234,0.0014458152986265,0.9996757457846952,0,0,0,1,1,1,99.2,99.2,0.0,1,1,1.0,1.0,0.75,0.5979625871526454
M123988,NY,2024-10,0.9459778519339296,0.0003285489731234,0.0014458152986265,0.9996757457846952,0,0,0,1,1,1,99.2,99.2,0.0,1,1,1.0,1.0,0.75,0.5975783618802836
M112668,NJ,2024-09,0.9459714097972016,0.0003371384887606,0.0014499478795157,0.999667156269058,0,0,0,1,1,1,92.52,92.52,0.0,1,1,1.0,1.0,0.75,0.553945635253263
M119911,MA,2024-06,0.9459714097972016,0.0003371384887606,0.0014499478795157,0.999667156269058,0,0,0,1,1,1,92.57,92.57,0.0,1,1,1.0,1.0,0.75,0.5537366406125379
M108823,PA,2024-05,0.9459649676604736,0.0003457280043978,0.0014772058670248,0.9996585667534208,0,0,0,1,1,1,92.96,92.96,0.0,1,1,1.0,1.0,0.75,0.6564044626465187
M115636,NJ,2024-11,0.9459649676604736,0.0003457280043978,0.0014772058670248,0.9996585667534208,0,0,0,1,1,1,93.16,93.16,0.0,1,1,1.0,1.0,0.75,0.6568890142434071
M102111,NY,2024-11,0.9459601360579276,0.0003521701411257,0.0015489824911172,0.9996521246166928,0,0,0,1,1,1,96.93,96.93,0.0,1,1,1.0,1.0,0.75,0.639126994593169
M111275,MA,2024-06,0.9459504728528358,0.0003650544145815,0.0015605176889255,0.999639240343237,0,0,0,1,1,1,98.39,98.39,0.0,1,1,1.0,1.0,0.75,0.6340787523361475
M120673,NJ,2024-05,0.9459504728528358,0.0003650544145815,0.0015605176889255,0.999639240343237,0,0,0,1,1,1,97.56,97.56,0.0,1,1,1.0,1.0,0.75,0.6390113968822323
M111292,NJ,2024-10,0.9459504728528358,0.0003650544145815,0.0015605176889255,0.999639240343237,0,0,0,1,1,1,98.44,98.44,0.0,1,1,1.0,1.0,0.75,0.6322685621306842
M105892,NJ,2024-07,0.9459504728528358,0.0003650544145815,0.0015605176889255,0.999639240343237,0,0,0,1,1,1,98.74,98.74,0.0,1,1,1.0,1.0,0.75,0.6308593334043232
M112385,NJ,2024-09,0.9459504728528358,0.0003650544145815,0.0015605176889255,0.999639240343237,0,0,0,1,1,1,98.03,98.03,0.0,1,1,1.0,1.0,0.75,0.6386735292201446
M121147,NY,2024-04,0.945940809647744,0.0003779386880373,0.0015701783496433,0.9996263560697812,0,0,0,1,1,1,95.82,95.82,0.0,1,1,1.0,1.0,0.75,0.547793276926595
M113568,NJ,2024-08,0.945935978045198,0.0003843808247652,0.0015975623196912,0.9996199139330532,0,0,0,1,1,1,91.53,91.53,0.0,1,1,1.0,1.0,0.75,0.4237957804083774
M110512,CT,2024-07,0.945935978045198,0.0003843808247652,0.0015975623196912,0.9996199139330532,0,0,0,1,1,1,91.7,91.7,0.0,1,1,1.0,1.0,0.75,0.4250486696950032
M115149,NY,2024-05,0.9459279253742882,0.0003951177193118,0.001600877364623,0.9996091770385068,0,0,0,1,1,1,97.44,97.44,0.0,1,1,1.0,1.0,0.75,0.5893548387096774
M107947,PA,2024-05,0.9459279253742882,0.0003951177193118,0.001600877364623,0.9996091770385068,0,0,0,1,1,1,98.64,98.64,0.0,1,1,1.0,1.0,0.75,0.5937637946948112
M102945,MA,2024-03,0.9459279253742882,0.0003951177193118,0.001600877364623,0.9996091770385068,0,0,0,1,1,1,97.88,97.88,0.0,1,1,1.0,1.0,0.75,0.6015240904621435
M111010,NJ,2024-08,0.9459198727033784,0.0004058546138583,0.0016025266183596,0.9995984401439604,0,0,0,1,1,1,92.58,92.58,0.0,1,1,1.0,1.0,0.75,0.544385425037731
M122703,PA,2024-06,0.9459198727033784,0.0004058546138583,0.0016025266183596,0.9995984401439604,0,0,0,1,1,1,92.69,92.69,0.0,1,1,1.0,1.0,0.75,0.5499258380302581
M100097,PA,2024-07,0.9459134305666504,0.0004144441294955,0.0016076867472101,0.9995898506283232,0,0,0,1,1,1,92.3,92.3,0.0,1,1,1.0,1.0,0.75,0.6279481132075471
M113977,NJ,2024-09,0.9459134305666504,0.0004144441294955,0.0016076867472101,0.9995898506283232,0,0,0,1,1,1,92.15,92.15,0.0,1,1,1.0,1.0,0.75,0.6331737706419918
M113355,NJ,2024-08,0.9459085989641044,0.0004208862662234,0.0016209759572484,0.9995834084915952,0,0,0,1,1,1,96.71,96.71,0.0,1,1,1.0,1.0,0.75,0.628476735118274
M110042,NY,2024-05,0.9459053778957404,0.000425181024042,0.00163733066014,0.9995791137337764,0,0,0,1,1,1,91.57,91.57,0.0,1,1,1.0,1.0,0.75,0.4016756590779488
M106247,CT,2024-10,0.9459021568273764,0.0004294757818606,0.0016840173198712,0.999574818975958,0,0,0,1,1,1,97.32,97.32,0.0,1,1,1.0,1.0,0.75,0.6311420480338961
M117093,MA,2024-03,0.9458973252248306,0.0004359179185885,0.0016960373055845,0.99956837683923,0,0,0,1,1,1,95.98,95.98,0.0,1,1,1.0,1.0,0.75,0.6193989717555446
M111125,MA,2024-08,0.9458973252248306,0.0004359179185885,0.0016960373055845,0.99956837683923,0,0,0,1,1,1,96.23,96.23,0.0,1,1,1.0,1.0,0.75,0.6182195858406322
M124807,PA,2024-04,0.9458924936222848,0.0004423600553164,0.001722346520803,0.999561934702502,0,0,0,1,1,1,95.92,95.92,0.0,1,1,1.0,1.0,0.75,0.6126202844247637
M111494,NJ,2024-10,0.9458876620197388,0.0004488021920443,0.0017283895090914,0.9995554925657744,0,0,0,1,1,1,92.72,92.72,0.0,1,1,1.0,1.0,0.75,0.6255847427132062
M110966,CT,2024-05,0.9458876620197388,0.0004488021920443,0.0017283895090914,0.9995554925657744,0,0,0,1,1,1,93.27,93.27,0.0,1,1,1.0,1.0,0.75,0.6198440476717912
M107867,NJ,2024-11,0.9458828304171928,0.0004552443287723,0.0017678423048215,0.9995490504290464,0,0,0,1,1,1,91.16,91.16,0.0,1,1,1.0,1.0,0.75,0.5577695743509207
M108367,NY,2024-06,0.9458779988146468,0.0004616864655002,0.0018321674806785,0.9995426082923184,0,0,0,1,1,1,92.83,92.83,0.0,1,1,1.0,1.0,0.75,0.6531497725034009
M117862,CT,2024-08,0.9458779988146468,0.0004616864655002,0.0018321674806785,0.9995426082923184,0,0,0,1,1,1,92.94,92.94,0.0,1,1,1.0,1.0,0.75,0.653494585852904
M118111,PA,2024-06,0.9458715566779188,0.0004702759811374,0.0018591676273536,0.9995340187766812,0,0,0,1,1,1,95.8,95.8,0.0,1,1,1.0,1.0,0.75,0.5935563816604709
M105190,PA,2024-11,0.9458715566779188,0.0004702759811374,0.0018591676273536,0.9995340187766812,0,0,0,1,1,1,95.96,95.96,0.0,1,1,1.0,1.0,0.75,0.598664919832803
M124251,CT,2024-05,0.9458667250753732,0.0004767181178653,0.0018907343261099,0.9995275766399532,0,0,0,1,1,1,91.33,91.33,0.0,1,1,1.0,1.0,0.75,0.6134882783636729
M124484,PA,2024-10,0.9458618934728272,0.0004831602545932,0.001891524930884,0.9995211345032252,0,0,0,1,1,1,93.1,93.1,0.0,1,1,1.0,1.0,0.75,0.5884583781050504
M121639,PA,2024-10,0.9458618934728272,0.0004831602545932,0.001891524930884,0.9995211345032252,0,0,0,1,1,1,93.15,93.15,0.0,1,1,1.0,1.0,0.75,0.588452062582914
M110854,NY,2024-08,0.9458570618702812,0.0004896023913211,0.0019170444874733,0.9995146923664976,0,0,0,1,1,1,96.41,96.41,0.0,1,1,1.0,1.0,0.75,0.5413453619824811
M116477,PA,2024-07,0.9458538408019171,0.0004938971491397,0.0019205890521442,0.9995103976086788,0,0,0,1,1,1,99.27,99.27,0.0,1,1,1.0,1.0,0.75,0.4279063752747963
M118258,PA,2024-11,0.9458506197335532,0.0004981919069583,0.001960145855672,0.9995061028508604,0,0,0,1,1,1,99.42,99.42,0.0,1,1,1.0,1.0,0.75,0.5812222308831554
M124601,NJ,2024-12,0.9458473986651892,0.0005024866647769,0.0019727943585815,0.9995018080930416,0,0,0,1,1,1,91.18,91.18,0.0,1,1,1.0,1.0,0.75,0.567498599614116
M113165,CT,2024-07,0.9458441775968254,0.0005067814225955,0.0019844937953632,0.9994975133352232,0,0,0,1,1,1,99.1,99.1,0.0,1,1,1.0,1.0,0.75,0.6484046149484198
M115474,MA,2024-12,0.9458345143917336,0.0005196656960513,0.0019975081649002,0.9994846290617672,0,0,0,1,1,1,94.49,94.49,0.0,1,1,1.0,1.0,0.75,0.625747775987285
M109829,NY,2024-08,0.9458345143917336,0.0005196656960513,0.0019975081649002,0.9994846290617672,0,0,0,1,1,1,95.44,95.44,0.0,1,1,1.0,1.0,0.75,0.6266441968877898
M107345,CT,2024-04,0.9458345143917336,0.0005196656960513,0.0019975081649002,0.9994846290617672,0,0,0,1,1,1,94.24,94.24,0.0,1,1,1.0,1.0,0.75,0.6196331119731737
M100515,CT,2024-08,0.9458345143917336,0.0005196656960513,0.0019975081649002,0.9994846290617672,0,0,0,1,1,1,94.71,94.71,0.0,1,1,1.0,1.0,0.75,0.6270801147649525
M118700,NY,2024-11,0.9458345143917336,0.0005196656960513,0.0019975081649002,0.9994846290617672,0,0,0,1,1,1,95.13,95.13,0.0,1,1,1.0,1.0,0.75,0.6193359375
M104891,MA,2024-12,0.9458232406524596,0.0005346973484165,0.002012896809556,0.999469597409402,0,0,0,1,1,1,102.35,102.35,0.0,1,1,1.0,1.0,0.75,0.6519800403439854
M111519,PA,2024-04,0.9458232406524596,0.0005346973484165,0.002012896809556,0.999469597409402,0,0,0,1,1,1,102.16,102.16,0.0,1,1,1.0,1.0,0.75,0.6498727735368955
M107651,NJ,2024-09,0.9458151879815496,0.000545434242963,0.0020238250446722,0.9994588605148556,0,0,0,1,1,1,94.06,94.06,0.0,1,1,1.0,1.0,0.75,0.610594192236119
M103629,PA,2024-07,0.9458151879815496,0.000545434242963,0.0020238250446722,0.9994588605148556,0,0,0,1,1,1,95.45,95.45,0.0,1,1,1.0,1.0,0.75,0.6125788854422933
M123613,NJ,2024-08,0.9458151879815496,0.000545434242963,0.0020238250446722,0.9994588605148556,0,0,0,1,1,1,95.08,95.08,0.0,1,1,1.0,1.0,0.75,0.6135249075109697
M116035,NY,2024-06,0.945808745844822,0.0005540237586002,0.0020264321818242,0.9994502709992183,0,0,0,1,1,1,91.91,91.91,0.0,1,1,1.0,1.0,0.75,0.642877127535556
M118182,NY,2024-09,0.9458039142422758,0.0005604658953281,0.0020757222773175,0.9994438288624904,0,0,0,1,1,1,98.0,98.0,0.0,1,1,1.0,1.0,0.75,0.4238754325259517
M111025,PA,2024-05,0.9458039142422758,0.0005604658953281,0.0020757222773175,0.9994438288624904,0,0,0,1,1,1,98.71,98.71,0.0,1,1,1.0,1.0,0.75,0.4228918243484469
M102519,NY,2024-12,0.94579102996882,0.0005776449266025,0.0020798977365162,0.999426649831216,0,0,0,1,1,1,89.73,89.73,0.0,1,1,1.0,1.0,0.75,0.5828894374431596
M101165,NY,2024-07,0.94579102996882,0.0005776449266025,0.0020798977365162,0.999426649831216,0,0,0,1,1,1,90.1,90.1,0.0,1,1,1.0,1.0,0.75,0.5778727952966328
M108633,NY,2024-11,0.94579102996882,0.0005776449266025,0.0020798977365162,0.999426649831216,0,0,0,1,1,1,90.41,90.41,0.0,1,1,1.0,1.0,0.75,0.5805685174879065
M106515,PA,2024-06,0.94579102996882,0.0005776449266025,0.0020798977365162,0.999426649831216,0,0,0,1,1,1,89.73,89.73,0.0,1,1,1.0,1.0,0.75,0.5784056725397508
M119214,NJ,2024-05,0.94579102996882,0.0005776449266025,0.0020798977365162,0.999426649831216,0,0,0,1,1,1,90.36,90.36,0.0,1,1,1.0,1.0,0.75,0.574322033898305
M102037,NY,2024-07,0.94579102996882,0.0005776449266025,0.0020798977365162,0.999426649831216,0,0,0,1,1,1,89.67,89.67,0.0,1,1,1.0,1.0,0.75,0.5762976927526297
M122812,NY,2024-12,0.9457797562295462,0.0005926765789677,0.0021006539549894,0.9994116181788508,0,0,0,1,1,1,95.78,95.78,0.0,1,1,1.0,1.0,0.75,0.6390161455321799
M109304,CT,2024-05,0.9457733140928184,0.0006012660946049,0.0021011900199875,0.9994030286632136,0,0,0,1,1,1,90.04,90.04,0.0,1,1,1.0,1.0,0.75,0.5557338600172819
M123609,NJ,2024-08,0.9457733140928184,0.0006012660946049,0.0021011900199875,0.9994030286632136,0,0,0,1,1,1,90.41,90.41,0.0,1,1,1.0,1.0,0.75,0.5612506725158299
M108445,PA,2024-09,0.9457733140928184,0.0006012660946049,0.0021011900199875,0.9994030286632136,0,0,0,1,1,1,90.0,90.0,0.0,1,1,1.0,1.0,0.75,0.5655397762975997
M115243,PA,2024-08,0.9457668719560904,0.0006098556102421,0.0021013131243833,0.9993944391475764,0,0,0,1,1,1,94.84,94.84,0.0,1,1,1.0,1.0,0.75,0.6531530497463325
M120792,CT,2024-12,0.9457636508877264,0.0006141503680607,0.0021046972478621,0.9993901443897578,0,0,0,1,1,1,98.84,98.84,0.0,1,1,1.0,1.0,0.75,0.6060333551340745
M110635,NJ,2024-03,0.9457572087509986,0.0006227398836979,0.0021119024121255,0.9993815548741206,0,0,0,1,1,1,102.61,102.61,0.0,1,1,1.0,1.0,0.75,0.5787474853823159
M117861,CT,2024-12,0.9457572087509986,0.0006227398836979,0.0021119024121255,0.9993815548741206,0,0,0,1,1,1,102.01,102.01,0.0,1,1,1.0,1.0,0.75,0.5737775611219438
M122729,NJ,2024-06,0.9457572087509986,0.0006227398836979,0.0021119024121255,0.9993815548741206,0,0,0,1,1,1,102.54,102.54,0.0,1,1,1.0,1.0,0.75,0.5848733744010951
M112321,MA,2024-12,0.9457475455459068,0.0006356241571537,0.0021330188082257,0.9993686706006648,0,0,0,1,1,1,92.46,92.46,0.0,1,1,1.0,1.0,0.75,0.6320034632823714
M103065,MA,2024-06,0.9457475455459068,0.0006356241571537,0.0021330188082257,0.9993686706006648,0,0,0,1,1,1,92.74,92.74,0.0,1,1,1.0,1.0,0.75,0.6292577011806215
M110230,MA,2024-06,0.9457475455459068,0.0006356241571537,0.0021330188082257,0.9993686706006648,0,0,0,1,1,1,93.48,93.48,0.0,1,1,1.0,1.0,0.75,0.6326760817578848
M112978,CT,2024-04,0.9457394928749968,0.0006463610517002,0.002133195353873,0.9993579337061184,0,0,0,1,1,1,101.89,101.89,0.0,1,1,1.0,1.0,0.75,0.558199415631848
M110995,PA,2024-05,0.9457394928749968,0.0006463610517002,0.002133195353873,0.9993579337061184,0,0,0,1,1,1,101.92,101.92,0.0,1,1,1.0,1.0,0.75,0.5594467010648809
M109668,PA,2024-09,0.9457346612724508,0.0006528031884282,0.0021337072169319,0.9993514915693904,0,0,0,1,1,1,98.5,98.5,0.0,1,1,1.0,1.0,0.75,0.3932449696582561
M108599,NJ,2024-06,0.945726608601541,0.0006635400829747,0.002160686010742,0.9993407546748438,0,0,0,1,1,1,94.66,94.66,0.0,1,1,1.0,1.0,0.75,0.5866022185040589
M110457,NY,2024-07,0.945726608601541,0.0006635400829747,0.002160686010742,0.9993407546748438,0,0,0,1,1,1,94.08,94.08,0.0,1,1,1.0,1.0,0.75,0.5988415268082579
M100539,PA,2024-06,0.945726608601541,0.0006635400829747,0.002160686010742,0.9993407546748438,0,0,0,1,1,1,93.64,93.64,0.0,1,1,1.0,1.0,0.75,0.5938358770557647
M100989,NJ,2024-06,0.945726608601541,0.0006635400829747,0.002160686010742,0.9993407546748438,0,0,0,1,1,1,94.83,94.83,0.0,1,1,1.0,1.0,0.75,0.5932189252872365
M109639,MA,2024-06,0.9457169453964492,0.0006764243564305,0.0022027144227299,0.999327870401388,0,0,0,1,1,1,96.35,96.35,0.0,1,1,1.0,1.0,0.75,0.4015419879141487
M111157,PA,2024-09,0.9457169453964492,0.0006764243564305,0.0022027144227299,0.999327870401388,0,0,0,1,1,1,96.52,96.52,0.0,1,1,1.0,1.0,0.75,0.4003816318911519
M115547,NY,2024-04,0.9457121137939032,0.0006828664931584,0.0022209141773873,0.9993214282646602,0,0,0,1,1,1,96.73,96.73,0.0,1,1,1.0,1.0,0.75,0.3956776656667576
M115592,CT,2024-12,0.9457088927255392,0.000687161250977,0.0022311000445167,0.9993171335068416,0,0,0,1,1,1,99.19,99.19,0.0,1,1,1.0,1.0,0.75,0.6453340851423738
M113942,NY,2024-08,0.9457056716571752,0.0006914560087956,0.0022572752633619,0.999312838749023,0,0,0,1,1,1,97.36,97.36,0.0,1,1,1.0,1.0,0.75,0.3925806451612903
M108947,CT,2024-09,0.9457024505888114,0.0006957507666142,0.0023062080903612,0.9993085439912044,0,0,0,1,1,1,90.23,90.23,0.0,1,1,1.0,1.0,0.75,0.5699936828806065
M106207,NJ,2024-11,0.9456992295204474,0.0007000455244328,0.0023174691310719,0.9993042492333856,0,0,0,1,1,1,98.78,98.78,0.0,1,1,1.0,1.0,0.75,0.6670268080221484
M118661,NJ,2024-10,0.9456960084520832,0.0007043402822514,0.0023664503395134,0.9992999544755672,0,0,0,1,1,1,90.82,90.82,0.0,1,1,1.0,1.0,0.75,0.6526456990921503
M100006,NY,2024-04,0.9456927873837194,0.00070863504007,0.0023876625436837,0.9992956597177484,0,0,0,1,1,1,91.86,91.86,0.0,1,1,1.0,1.0,0.75,0.6603407375458271
M115745,MA,2024-05,0.9456895663153556,0.0007129297978886,0.0023968597335761,0.99929136495993,0,0,0,1,1,1,96.03,96.03,0.0,1,1,1.0,1.0,0.75,0.5390199637023594
M118560,CT,2024-06,0.9456863452469916,0.0007172245557073,0.0024021975525557,0.9992870702021112,0,0,0,1,1,1,96.26,96.26,0.0,1,1,1.0,1.0,0.75,0.4223041151180136
M105529,MA,2024-12,0.9456782925760816,0.0007279614502538,0.0024022426895774,0.9992763333075648,0,0,0,1,1,1,95.46,95.46,0.0,1,1,1.0,1.0,0.75,0.6386423442308548
M112599,PA,2024-10,0.9456782925760816,0.0007279614502538,0.0024022426895774,0.9992763333075648,0,0,0,1,1,1,95.04,95.04,0.0,1,1,1.0,1.0,0.75,0.6360594297952081
M106247,CT,2024-09,0.9456782925760816,0.0007279614502538,0.0024022426895774,0.9992763333075648,0,0,0,1,1,1,95.26,95.26,0.0,1,1,1.0,1.0,0.75,0.6290972329231516
M107504,MA,2024-03,0.9456782925760816,0.0007279614502538,0.0024022426895774,0.9992763333075648,0,0,0,1,1,1,93.73,93.73,0.0,1,1,1.0,1.0,0.75,0.6336247690296993
M100446,MA,2024-05,0.9456686293709898,0.0007408457237096,0.0024073937943969,0.999263449034109,0,0,0,1,1,1,91.47,91.47,0.0,1,1,1.0,1.0,0.75,0.4106212964625606
M119670,NJ,2024-12,0.9456686293709898,0.0007408457237096,0.0024073937943969,0.999263449034109,0,0,0,1,1,1,91.66,91.66,0.0,1,1,1.0,1.0,0.75,0.4163903148139735
M121706,MA,2024-05,0.945663797768444,0.0007472878604375,0.0024165159007802,0.9992570068973812,0,0,0,1,1,1,94.6,94.6,0.0,1,1,1.0,1.0,0.75,0.5412931527751287
M119462,CT,2024-10,0.94566057670008,0.0007515826182561,0.0024376641172501,0.9992527121395623,0,0,0,1,1,1,97.71,97.71,0.0,1,1,1.0,1.0,0.75,0.6611557199566943
M100111,MA,2024-09,0.945657355631716,0.0007558773760747,0.0024419968181296,0.999248417381744,0,0,0,1,1,1,95.74,95.74,0.0,1,1,1.0,1.0,0.75,0.3996771634916439
M124207,MA,2024-07,0.945654134563352,0.0007601721338933,0.0024467863278833,0.9992441226239251,0,0,0,1,1,1,96.35,96.35,0.0,1,1,1.0,1.0,0.75,0.6456332365423275
M110146,CT,2024-06,0.945650913494988,0.0007644668917119,0.0024517107471723,0.9992398278661068,0,0,0,1,1,1,98.75,98.75,0.0,1,1,1.0,1.0,0.75,0.6399040953862105
M116305,MA,2024-05,0.9456476924266242,0.0007687616495305,0.0024602007790585,0.999235533108288,0,0,0,1,1,1,96.05,96.05,0.0,1,1,1.0,1.0,0.75,0.3931802366040361
M107487,NJ,2024-06,0.94564447135826,0.0007730564073491,0.0024743723429359,0.9992312383504696,0,0,0,1,1,1,92.88,92.88,0.0,1,1,1.0,1.0,0.75,0.4001091311152912
M118547,NJ,2024-08,0.9456412502898962,0.0007773511651677,0.0025079910961501,0.9992269435926509,0,0,0,1,1,1,97.1,97.1,0.0,1,1,1.0,1.0,0.75,0.6710280804404413
M119782,CT,2024-04,0.9456364186873504,0.0007837933018957,0.0025175614342454,0.9992205014559228,0,0,0,1,1,1,92.63,92.63,0.0,1,1,1.0,1.0,0.75,0.6602594563771146
M111428,CT,2024-12,0.9456364186873504,0.0007837933018957,0.0025175614342454,0.9992205014559228,0,0,0,1,1,1,92.43,92.43,0.0,1,1,1.0,1.0,0.75,0.6598372358652199
M123117,MA,2024-12,0.9456283660164404,0.0007945301964422,0.0025195369855635,0.9992097645613764,0,0,0,1,1,1,98.25,98.25,0.0,1,1,1.0,1.0,0.75,0.6674290113672388
M122278,NJ,2024-05,0.9456283660164404,0.0007945301964422,0.0025195369855635,0.9992097645613764,0,0,0,1,1,1,97.94,97.94,0.0,1,1,1.0,1.0,0.75,0.664045020001356
M106672,CT,2024-10,0.9456283660164404,0.0007945301964422,0.0025195369855635,0.9992097645613764,0,0,0,1,1,1,97.82,97.82,0.0,1,1,1.0,1.0,0.75,0.6642221769538943
M112700,NJ,2024-12,0.9456219238797124,0.0008031197120794,0.0025202230282209,0.9992011750457392,0,0,0,1,1,1,92.14,92.14,0.0,1,1,1.0,1.0,0.75,0.4179695769195874
M123483,CT,2024-11,0.9456187028113484,0.000807414469898,0.0025651900367317,0.9991968802879204,0,0,0,1,1,1,95.65,95.65,0.0,1,1,1.0,1.0,0.75,0.6080866303587702
M103023,NJ,2024-05,0.9456154817429844,0.0008117092277166,0.0025714902643489,0.999192585530102,0,0,0,1,1,1,93.5,93.5,0.0,1,1,1.0,1.0,0.75,0.3968197829869708
M123454,NY,2024-08,0.9456122606746206,0.0008160039855352,0.0025800512907147,0.9991882907722832,0,0,0,1,1,1,96.63,96.63,0.0,1,1,1.0,1.0,0.75,0.6663525193085692
M120391,NY,2024-10,0.9456074290720746,0.0008224461222631,0.0025961258805017,0.9991818486355556,0,0,0,1,1,1,89.72,89.72,0.0,1,1,1.0,1.0,0.75,0.6190717144302866
M115606,NJ,2024-08,0.9456074290720746,0.0008224461222631,0.0025961258805017,0.9991818486355556,0,0,0,1,1,1,90.0,90.0,0.0,1,1,1.0,1.0,0.75,0.6266827592609785
M107836,NY,2024-09,0.9456025974695288,0.000828888258991,0.0025975694129881,0.9991754064988276,0,0,0,1,1,1,92.64,92.64,0.0,1,1,1.0,1.0,0.75,0.6090596305143432
M124685,MA,2024-11,0.9455977658669829,0.0008353303957189,0.0025994426555461,0.9991689643620996,0,0,0,1,1,1,89.95,89.95,0.0,1,1,1.0,1.0,0.75,0.5541750523678483
M124496,NY,2024-07,0.9455977658669829,0.0008353303957189,0.0025994426555461,0.9991689643620996,0,0,0,1,1,1,89.69,89.69,0.0,1,1,1.0,1.0,0.75,0.5509439370981611
M124446,PA,2024-08,0.9455913237302548,0.0008439199113561,0.0026224579794476,0.9991603748464624,0,0,0,1,1,1,89.99,89.99,0.0,1,1,1.0,1.0,0.75,0.6153302639376396
M119717,NJ,2024-05,0.9455913237302548,0.0008439199113561,0.0026224579794476,0.9991603748464624,0,0,0,1,1,1,90.46,90.46,0.0,1,1,1.0,1.0,0.75,0.6111611566525539
M123117,MA,2024-08,0.945586492127709,0.0008503620480841,0.0026274047807952,0.9991539327097344,0,0,0,1,1,1,98.84,98.84,0.0,1,1,1.0,1.0,0.75,0.6816238333869707
M122398,MA,2024-07,0.945583271059345,0.0008546568059027,0.0026314633935054,0.999149637951916,0,0,0,1,1,1,102.02,102.02,0.0,1,1,1.0,1.0,0.75,0.5529539295392953
M112135,NJ,2024-09,0.945580049990981,0.0008589515637213,0.002654479428953,0.9991453431940972,0,0,0,1,1,1,102.34,102.34,0.0,1,1,1.0,1.0,0.75,0.6102564102564104
