provider_npi,provider_specialty,provider_state,month,risk_score,risk_percentile,peer_risk_raw,peer_risk,iforest_score,iforest_risk,flag_peer_high,flag_model_high,flag_overall_high,claims,members,claims_per_member,allowed_sum,allowed_per_claim,allowed_mean,allowed_p95,paid_to_allowed_ratio,units_per_claim,weekend_pct,em_high_rate,ed_rate,imaging_rate,lab_rate,distinct_icd10,distinct_cpt,icd10_entropy,rare_icd_rate,claims_spike_vs_roll3,allowed_spike_vs_roll3,em_high_shift_vs_roll3,claims_peer_rz,claims_per_member_peer_rz,allowed_per_claim_peer_rz,weekend_pct_peer_rz,em_high_rate_peer_rz,rare_icd_rate_peer_rz
1000000390,FAMILY,NJ,2024-05,0.9668713998195572,6.940106877645916e-05,0.0,0.9401068776459156,0.0064165385219161,0.9995835935873412,0,1,0,32,32,1.0,2692.37,84.1365625,84.1365625,144.7595,0.9187444519141128,1.03125,0.21875,0.0,0.0,0.0,0.0,13,5,2.3669014619738302,0.0,1.054945054945055,1.001270630703892,0.0,0.0,0.0,-0.0307271938122301,-0.5049516419451138,0.0,0.0
1000000240,FAMILY,PA,2024-01,0.9660906377958222,0.0001388021375529,0.0,0.9401068776459156,0.0156595246500155,0.9978485668679298,0,1,0,35,35,1.0,2907.2999999999997,83.06571428571428,83.06571428571428,153.261,0.9204072507137208,1.0285714285714285,0.2571428571428571,0.0,0.0,0.0,0.0,13,5,2.3942435448646626,0.0,1.0,1.0,0.0,-0.1686226898691488,0.0,-0.2141542133261051,-0.0434346990622695,0.0,-0.6744907594765952
1000000724,IM,NY,2024-01,0.9660281768339234,0.0002082032063293,0.0,0.9401068776459156,0.0160474871363371,0.9977097647303768,0,1,0,29,29,1.0,2542.99,87.68931034482758,87.68931034482758,157.96999999999997,0.9130747663183892,1.0344827586206895,0.2413793103448276,0.0,0.0,0.0,0.0,13,5,2.364044915566316,0.0,1.0,1.0,0.0,-0.6744907594765952,0.0,-0.1999743287616988,-0.0166130728935117,0.0,0.0
1000000718,IM,NJ,2024-06,0.9659344853910752,0.0002776042751058,0.0,0.9401068776459156,0.016509511470568,0.9975015615240476,0,1,0,30,30,1.0,2545.06,84.83533333333334,84.83533333333334,150.90799999999996,0.9148939514196128,1.0333333333333334,0.2,0.0,0.0,0.0,0.0,12,5,2.358717527408227,0.0,0.9574468085106383,0.9893076952978216,0.0,0.0,0.0,-0.3968998590786332,-1.321344039737619,0.0,-0.6744907594765952
1000001187,FAMILY,NY,2024-01,0.96568464154348,0.0003470053438822,0.0,0.9401068776459156,0.0171497282088218,0.9969463529738358,0,1,0,31,31,1.0,2519.27,81.26677419354839,81.26677419354839,153.85500000000002,0.9196791133939594,1.0,0.2580645161290322,0.0,0.0,0.0,0.0,13,5,2.4442476556202637,0.0,1.0,1.0,0.0,-0.1686226898691488,0.0,-0.1874832713595071,-0.0382409228246757,0.0,0.0
1000000669,IM,MA,2024-03,0.9651849538482892,0.0004164064126587,0.0,0.9401068776459156,0.0203256632769216,0.9958359358734123,0,1,0,29,29,1.0,2530.92,87.27310344827586,87.27310344827586,153.67199999999994,0.9275006716925068,1.0689655172413792,0.2758620689655172,0.0,0.0,0.0,0.0,13,5,2.41423511660638,0.0,1.0357142857142858,1.0032902299989694,0.0,-0.1686226898691488,0.0,-0.3495857918151693,-0.3051193638619479,0.0,-0.6744907594765952
1000000857,IM,CT,2024-05,0.9650600319244916,0.0004858074814352,0.0,0.9401068776459156,0.0210260297685903,0.9955583315983066,0,1,0,30,30,1.0,2522.36,84.07866666666668,84.07866666666668,150.09349999999995,0.9188101619118604,1.0333333333333334,0.2333333333333333,0.0,0.0,0.0,0.0,13,5,2.320560134297954,0.0,1.0843373493975903,1.0756867790153029,0.0,0.0,0.0,-0.5743191769805126,-0.4384189936597869,0.0,0.0
1000000201,IM,PA,2024-01,0.9640606565341108,0.0005552085502116,0.0,0.9401068776459156,0.0247751210758193,0.99333749739746,0,1,0,34,34,1.0,2687.45,79.04264705882352,79.04264705882352,147.61649999999997,0.9157900612104412,1.0588235294117647,0.2352941176470588,0.0,0.0,0.0,0.0,13,5,2.460857481695841,0.0,1.0,1.0,0.0,-0.224830253158865,0.0,-1.5270814462521791,-0.0143564209640912,0.0,-0.6744907594765952
1000000441,IM,MA,2024-08,0.963935734610313,0.0006246096189881,0.0,0.9401068776459156,0.0250816989294364,0.993059893122354,0,1,0,27,27,1.0,2399.8,88.88148148148149,88.88148148148149,148.167,0.9156638053171096,1.037037037037037,0.2592592592592592,0.0,0.0,0.0,0.0,13,5,2.394247094818463,0.0,1.0125,1.0315302019961774,0.0,-0.4496605063177301,0.0,-0.0284436256612877,-0.2376486139704861,0.0,-0.6744907594765952
1000000823,IM,NJ,2024-04,0.9635609688389202,0.0006940106877645,0.0,0.9401068776459156,0.0267180485546477,0.9922270802970364,0,1,0,29,29,1.0,2470.45,85.18793103448276,85.18793103448276,146.766,0.9168086785808254,1.0689655172413792,0.2413793103448276,0.0,0.0,0.0,0.0,14,5,2.4707511821351935,0.0,0.9886363636363636,0.8947674692351434,0.0,-0.2890674683471122,0.0,-0.3586948056334981,-0.2646523424164331,0.0,-0.6744907594765952
1000000520,IM,NY,2024-09,0.9634360469151226,0.000763411756541,0.0,0.9401068776459156,0.0272026436856573,0.9919494760219308,0,1,0,31,31,1.0,2610.17,84.19903225806452,84.19903225806452,146.555,0.9190895612163192,1.064516129032258,0.2903225806451613,0.0,0.0,0.0,0.0,14,5,2.469854905565857,0.032258064516129,0.9117647058823528,0.8696382740303832,0.0,-0.1686226898691488,0.0,-0.4322712867304381,-0.0692292568377731,0.0,0.0
1000000814,IM,PA,2024-03,0.9624366715247415,0.0008328128253175,0.0,0.9401068776459156,0.0309309292655426,0.989728641821084,0,1,0,33,33,1.0,2716.45,82.31666666666666,82.31666666666666,153.402,0.917550479486094,1.0909090909090908,0.303030303030303,0.0,0.0,0.0,0.0,13,5,2.348172004000916,0.0,1.0,0.9762986106701774,0.0,-0.6744907594765952,0.0,-0.8511845884507888,-0.4202792800526514,0.0,0.0
1000000558,IM,PA,2024-04,0.9621243667152476,0.0009022138940939,0.0,0.9401068776459156,0.03227291807553,0.9890346311333196,0,1,0,32,32,1.0,2733.42,85.419375,85.419375,153.3725,0.9275376634399396,1.03125,0.1875,0.0,0.0,0.0,0.0,14,5,2.523277219329514,0.03125,1.0,1.0039581632065897,0.0,-1.4838796708485096,0.0,-0.2726635479886545,-0.9986714073183024,0.0,0.0
1000000636,IM,NJ,2024-07,0.96199944479145,0.0009716149628704,0.0,0.9401068776459156,0.0325735440849834,0.9887570268582137,0,1,0,31,31,1.0,2510.08,80.97032258064516,80.97032258064516,147.48000000000002,0.92816962009179,1.0,0.2258064516129032,0.0,0.0,0.0,0.0,13,5,2.4273686832407626,0.0,1.0,0.9173386089789116,0.0,0.0,0.0,-0.7162337527147878,-0.1801164664857556,0.0,0.0
1000000620,FAMILY,NJ,2024-05,0.961624679020057,0.0010410160316468,0.0,0.9401068776459156,0.0335779420490389,0.987924214032896,0,1,0,32,32,1.0,2656.87,83.0271875,83.0271875,145.7755,0.92817111864713,1.0625,0.25,0.0,0.0,0.0,0.0,12,5,2.3072282586961914,0.03125,0.96,1.0235869288834896,0.0,0.0,0.0,-0.1847029215213796,-0.1466284259731727,0.0,0.0
1000001098,FAMILY,NJ,2024-08,0.96146852661531,0.0011104171004233,0.0,0.9401068776459156,0.0338943322117158,0.9875772086890138,0,1,0,30,30,1.0,2343.26,78.10866666666668,78.10866666666668,147.09449999999995,0.9167569966627688,1.0666666666666669,0.2333333333333333,0.0,0.0,0.0,0.0,13,5,2.45955953612341,0.0333333333333333,1.0465116279069766,1.0197057411374937,0.0,-0.1927116455647415,0.0,-0.6667791438220309,-0.6786255687300918,0.0,0.0
1000000131,FAMILY,CT,2024-05,0.9613123742105628,0.0011798181691998,0.0,0.9401068776459156,0.0342993299357174,0.9872302033451316,0,1,0,29,29,1.0,2319.83,79.99413793103449,79.99413793103449,143.352,0.918631968721846,1.0344827586206895,0.2068965517241379,0.0,0.0,0.0,0.0,14,5,2.4824683570866,0.0344827586206896,1.0,0.9852164237420584,0.0,-0.1927116455647415,0.0,-0.5731090159415058,-0.7122356163767661,0.0,0.0
1000000860,IM,NY,2024-05,0.9610312998820184,0.0012492192379762,0.0,0.9401068776459156,0.0350861557575371,0.9866055937261434,0,1,0,31,31,1.0,2702.4700000000003,87.17645161290324,87.17645161290324,138.22,0.9154588210044884,1.064516129032258,0.2258064516129032,0.0,0.0,0.0,0.0,12,5,2.3041723926030566,0.032258064516129,1.056818181818182,1.000467692216565,0.0,-0.134898151895319,0.0,-0.0777757251086286,-0.4658721754259581,0.0,0.0
1000000190,IM,NY,2024-05,0.96093760843917,0.0013186203067527,0.0,0.9401068776459156,0.0352840748254137,0.986397390519814,0,1,0,32,32,1.0,2779.17,86.8490625,86.8490625,163.5715,0.9207461220436316,1.03125,0.1875,0.0,0.0,0.0,0.0,14,5,2.42873783615903,0.03125,0.96,0.9591514151708525,0.0,0.0,0.0,-0.1263056768808899,-0.9993374120186292,0.0,0.0
1000000022,IM,CT,2024-01,0.9607502255534736,0.0013880213755291,0.0,0.9401068776459156,0.0355624761333116,0.9859809841071552,0,1,0,29,29,1.0,2383.91,82.20379310344828,82.20379310344828,146.584,0.9143298194982192,1.0689655172413792,0.2068965517241379,0.0,0.0,0.0,0.0,14,5,2.5098416242698205,0.0344827586206896,1.0,1.0,0.0,-0.224830253158865,0.0,-0.6973162306200984,-0.2721221339957289,0.0,0.0
1000000355,IM,NY,2024-04,0.9606565341106256,0.0014574224443056,0.0,0.9401068776459156,0.0358785488169684,0.985772780900826,0,1,0,30,30,1.0,2589.35,86.31166666666667,86.31166666666667,158.19449999999992,0.9103133991156082,1.0666666666666669,0.2333333333333333,0.0,0.0,0.0,0.0,12,5,2.372351512162652,0.0,0.9375,0.8857667055118325,0.0,-0.1686226898691488,0.0,-0.3334986995766349,-0.337245379738297,0.0,0.0
1000001153,FAMILY,NY,2024-01,0.9602817683392324,0.0015268235130821,0.0,0.9401068776459156,0.0364559875864308,0.9849399680755084,0,1,0,31,31,1.0,2349.39,75.78677419354838,75.78677419354838,146.225,0.9254402206530206,1.032258064516129,0.1935483870967742,0.0,0.0,0.0,0.0,13,5,2.469854905565857,0.0,1.0,1.0,0.0,-0.1686226898691488,0.0,-0.9992923578945354,-0.9177821477921996,0.0,0.0
1000000783,IM,NY,2024-10,0.9601256159344856,0.0015962245818585,0.0,0.9401068776459156,0.0367202061618157,0.984592962731626,0,1,0,30,30,1.0,2531.07,84.369,84.369,156.11849999999995,0.9290774257527448,1.0666666666666669,0.2666666666666666,0.0,0.0,0.0,0.0,14,5,2.5057693481607397,0.0,1.0975609756097562,0.9881639632698956,0.0,-0.5058680696074465,0.0,-0.5216968393506173,0.0,0.0,0.0
1000000800,IM,PA,2024-01,0.9598445416059408,0.001665625650635,0.0,0.9401068776459156,0.0373509193108485,0.983968353112638,0,1,0,31,31,1.0,2721.72,87.79741935483871,87.79741935483871,156.895,0.923529973693106,1.0,0.1935483870967742,0.0,0.0,0.0,0.0,12,5,2.3210513649825586,0.0,1.0,1.0,0.0,-0.8993210126354603,0.0,-0.2703832812091257,-0.7886769323176777,0.0,-0.6744907594765952
1000001022,IM,NY,2024-08,0.9594073148726492,0.0017350267194114,0.0,0.9401068776459156,0.0381841023987095,0.9829967381497676,0,1,0,29,29,1.0,2458.89,84.78931034482758,84.78931034482758,139.85399999999996,0.932038440109155,1.0,0.2758620689655172,0.0,0.0,0.0,0.0,13,5,2.3688188099830025,0.0,1.0,0.955079353981682,0.0,-0.3372453797382976,0.0,-0.2876808581004245,-0.0646063945858814,0.0,-0.6744907594765952
1000000085,FAMILY,PA,2024-10,0.958938857658408,0.0018044277881879,0.0,0.9401068776459156,0.0396390657581202,0.9819557221181208,0,1,0,30,30,1.0,2526.44,84.21466666666667,84.21466666666667,136.89399999999998,0.9173936448124632,1.0666666666666669,0.2,0.0,0.0,0.0,0.0,13,5,2.4511371514828864,0.0,0.8571428571428571,0.8929632191031159,0.0,-1.1241512657943251,0.0,-0.0038229261960517,-0.3813516912210983,0.0,0.0
1000001104,IM,PA,2024-01,0.9587514747727116,0.0018738288569643,0.0,0.9401068776459156,0.0397302662446416,0.9815393157054618,0,1,0,28,28,1.0,2268.65,81.02321428571429,81.02321428571429,151.9835,0.9263835320565093,1.0357142857142858,0.2142857142857142,0.0,0.0,0.0,0.0,12,5,2.4157760561003343,0.0,1.0,1.0,0.0,-1.5738117721120557,0.0,-1.2427821960122938,-0.4040307042751508,0.0,-0.6744907594765952
1000000728,IM,NY,2024-03,0.9587202442917622,0.0019432299257408,0.0,0.9401068776459156,0.0397826386566312,0.9814699146366854,0,1,0,32,32,1.0,2629.22,82.163125,82.163125,149.042,0.934383581442405,1.0625,0.28125,0.0,0.0,0.0,0.0,12,5,2.358445943081679,0.0,0.979591836734694,0.9217377281364156,0.0,0.0,0.0,-1.2285902879535873,-0.4410131888885431,0.0,-0.6744907594765952
1000000976,IM,NJ,2024-05,0.9578770213061284,0.0020126309945173,0.0,0.9401068776459156,0.0410087278376046,0.979596085779721,0,1,0,32,32,1.0,2649.02,82.781875,82.781875,125.057,0.9159500494522502,1.03125,0.21875,0.0,0.0,0.0,0.0,13,5,2.4181191463593175,0.0,1.032258064516129,0.9486761370419003,0.0,0.0,0.0,-0.7830091376040698,-0.6744907594765952,0.0,0.0
1000000201,IM,PA,2024-10,0.9575334860156848,0.0020820320632937,0.0,0.9401068776459156,0.0415610351163759,0.97883267402318,0,1,0,29,29,1.0,2490.77,85.88862068965517,85.88862068965517,141.36,0.9200729091806952,1.0,0.2413793103448276,0.0,0.0,0.0,0.0,13,5,2.41423511660638,0.0,0.8699999999999999,0.8632810017895702,0.0,-0.974264430355082,0.0,-0.3267055235631374,-0.0251008635184892,0.0,-0.6744907594765952
1000000429,FAMILY,PA,2024-10,0.957471025053786,0.0021514331320702,0.0,0.9401068776459156,0.0416002519358461,0.9786938718856272,0,1,0,35,35,1.0,2736.61,78.18885714285715,78.18885714285715,158.998,0.9272567154252888,1.0571428571428572,0.2285714285714285,0.0,0.0,0.0,0.0,13,5,2.4318741989240324,0.0,1.0606060606060606,1.020351525214763,0.0,0.0,0.0,-0.9598717931940502,-0.079263165741234,0.0,0.0
1000000846,IM,CT,2024-08,0.95725241168714,0.0022208342008466,0.0,0.9401068776459156,0.0419887931705912,0.9782080644041918,0,1,0,29,29,1.0,2460.15,84.83275862068966,84.83275862068966,151.17999999999998,0.927073552425665,1.0,0.2758620689655172,0.0,0.0,0.0,0.0,13,5,2.452708142695037,0.0,1.0740740740740742,1.1355254716066705,0.0,-0.1686226898691488,0.0,-0.5462638272612564,-0.4902850072333331,0.0,0.0
1000000204,IM,NJ,2024-09,0.9568776459157472,0.0022902352696231,0.0,0.9401068776459156,0.0428490532948701,0.9773752515788744,0,1,0,29,29,1.0,2504.52,86.36275862068966,86.36275862068966,145.476,0.9251872614313322,1.0344827586206895,0.2758620689655172,0.0,0.0,0.0,0.0,12,4,2.3005855695027826,0.0,0.9775280898876404,0.9224332350771052,0.0,-0.1686226898691488,0.0,-0.4784448959301515,-0.1908969868332966,0.0,0.0
1000000696,FAMILY,NY,2024-03,0.9568464154347978,0.0023596363383996,0.0,0.9401068776459156,0.0429634155163321,0.977305850510098,0,1,0,29,29,1.0,2356.86,81.27103448275862,81.27103448275862,140.19799999999998,0.925362558658554,1.0344827586206895,0.2758620689655172,0.0,0.0,0.0,0.0,12,5,2.2708253551112185,0.0344827586206896,1.0609756097560976,1.004470735646978,0.0,-0.6744907594765952,0.0,-0.2540972071299239,-0.2777314891962457,0.0,0.0
1000000986,FAMILY,NY,2024-05,0.9559719619682144,0.002429037407176,0.0,0.9401068776459156,0.044573115023497,0.975362620584357,0,1,0,32,32,1.0,2552.45,79.7640625,79.7640625,153.81699999999998,0.9259221532253326,1.03125,0.21875,0.0,0.0,0.0,0.0,13,5,2.4742227058515875,0.03125,1.1162790697674418,1.0449711441754086,0.0,0.0,0.0,-0.571184590846779,-0.2539622219370698,0.0,0.0
1000000102,FAMILY,PA,2024-04,0.955878270525366,0.0024984384759525,0.0,0.9401068776459156,0.0447734439874045,0.9751544173780275,0,1,0,34,34,1.0,2694.56,79.25176470588235,79.25176470588235,140.3875,0.9114994655899294,1.0588235294117647,0.2352941176470588,0.0,0.0,0.0,0.0,14,5,2.438036314549363,0.0,0.9807692307692308,0.9707747290753976,0.0,0.0,0.0,-0.4635059348639365,-0.2676193945200738,0.0,-0.6744907594765952
1000001066,FAMILY,MA,2024-07,0.9555347352349228,0.0025678395447289,0.0,0.9401068776459156,0.0452315673607974,0.9743910056214866,0,1,0,25,25,1.0,2027.38,81.09519999999999,81.09519999999999,139.136,0.9187374838461464,1.04,0.24,0.0,0.0,0.0,0.0,13,5,2.4216210568904804,0.0,0.9146341463414634,0.93204731540693,0.0,-0.6744907594765952,0.0,-0.4917150812837823,-0.0189586591852883,0.0,0.0
1000000559,FAMILY,NY,2024-03,0.955097508501631,0.0026372406135054,0.0,0.9401068776459156,0.0458094190648909,0.9734193906586162,0,1,0,33,33,1.0,2707.11,82.03363636363636,82.03363636363636,141.586,0.9238930076723886,1.0303030303030305,0.2727272727272727,0.0,0.0,0.0,0.0,13,5,2.417212749916442,0.0606060606060606,1.1123595505617978,1.1084945642159572,0.0,0.0,0.0,-0.1581594319262571,-0.3138005137671862,0.0,0.0
1000001009,IM,CT,2024-11,0.9550662780206816,0.0027066416822819,0.0,0.9401068776459156,0.0459951377356393,0.9733499895898396,0,1,0,29,29,1.0,2424.03,83.58724137931036,83.58724137931036,144.52,0.9069607224333032,1.0689655172413792,0.2758620689655172,0.0,0.0,0.0,0.0,12,5,2.3868618494231595,0.0344827586206896,0.9666666666666668,0.9510910862471472,0.0,-0.224830253158865,0.0,-0.4892958104806885,-0.0814040571782097,0.0,0.0
1000000162,IM,NJ,2024-09,0.95462905128739,0.0027760427510583,0.0,0.9401068776459156,0.0465236114088114,0.9723783746269692,0,1,0,30,30,1.0,2589.03,86.301,86.301,145.54249999999993,0.9169071042050496,1.1,0.2666666666666666,0.0,0.0,0.0,0.0,14,5,2.433695546690734,0.0333333333333333,0.967741935483871,1.0617828230218425,0.0,0.0,0.0,-0.4873468694819081,-0.3158000325139137,0.0,0.0
1000000512,FAMILY,MA,2024-06,0.9545041293635924,0.0028454438198348,0.0,0.9401068776459156,0.0467874960080592,0.9721007703518634,0,1,0,28,28,1.0,2298.78,82.09928571428573,82.09928571428573,154.789,0.91923542052741,1.0714285714285714,0.2857142857142857,0.0,0.0,0.0,0.0,12,5,2.3419942522324244,0.0,0.9230769230769232,0.8493835006521555,0.0,-0.224830253158865,0.0,-0.2588569369918536,-0.4204617721412544,0.0,0.0
1000000941,FAMILY,NY,2024-11,0.9544416684016934,0.0029148448886112,0.0,0.9401068776459156,0.0468887867790198,0.9719619682143104,0,1,0,31,31,1.0,2397.22,77.32967741935484,77.32967741935484,133.73000000000002,0.9149139419827969,1.032258064516129,0.2903225806451613,0.0,0.0,0.0,0.0,14,5,2.450742982572099,0.0,0.9789473684210526,0.8643094931916784,0.0,0.0,0.0,-0.802916184769687,0.0,0.0,0.0
1000000540,IM,MA,2024-04,0.9543792074397948,0.0029842459573877,0.0,0.9401068776459156,0.0470030282653791,0.9718231660767576,0,1,0,28,28,1.0,2408.69,86.02464285714287,86.02464285714287,149.724,0.9268149907210972,1.0,0.25,0.0,0.0,0.0,0.0,13,5,2.3946164270715316,0.0357142857142857,0.9438202247191012,0.9542553486511008,0.0,0.0,0.0,-0.3177287489296617,-0.1539115335876561,0.0,0.0
1000000734,IM,NY,2024-04,0.9537233673398572,0.0030536470261642,0.0,0.9401068776459156,0.0479393784562774,0.970365743632452,0,1,0,29,29,1.0,2360.21,81.38655172413793,81.38655172413793,134.29199999999997,0.9081946098016702,1.0344827586206895,0.2068965517241379,0.0,0.0,0.0,0.0,12,5,2.3571016350315954,0.0,0.9886363636363636,0.9419163365375148,0.0,-0.3372453797382976,0.0,-0.964302726716344,-0.6047158533238434,0.0,0.0
1000000669,IM,MA,2024-01,0.9536296758970088,0.0031230480949406,0.0,0.9401068776459156,0.0481006393108263,0.9701575404261226,0,1,0,28,28,1.0,2383.22,85.115,85.115,173.87949999999998,0.9123538741702404,1.0357142857142858,0.25,0.0,0.0,0.0,0.0,13,5,2.3547693643368506,0.0,1.0,1.0,0.0,-0.1686226898691488,0.0,-0.2791903959171697,0.0,0.0,0.0
1000000696,FAMILY,NY,2024-11,0.9535047539732112,0.0031924491637171,0.0,0.9401068776459156,0.0482476391947731,0.9698799361510168,0,0,0,29,29,1.0,2389.49,82.39620689655172,82.39620689655172,143.32199999999995,0.9071768452682372,1.0,0.2413793103448276,0.0,0.0,0.0,0.0,13,5,2.3460018761261594,0.0344827586206896,0.9666666666666668,0.9578176337523064,0.0,-0.3372453797382976,0.0,-0.1526644991172415,-0.5912777232499818,0.0,0.0
1000000607,IM,MA,2024-10,0.9532236796446668,0.0032618502324935,0.0,0.9401068776459156,0.0487319704825352,0.9692553265320286,0,0,0,30,30,1.0,2540.3,84.67666666666668,84.67666666666668,160.171,0.9335078534031412,1.0333333333333334,0.2333333333333333,0.0,0.0,0.0,0.0,14,5,2.517095950613766,0.0333333333333333,1.0112359550561798,0.955731769562911,0.0,0.0,0.0,-0.3380617369714064,-0.1922461584981601,0.0,0.0
1000000838,IM,MA,2024-09,0.9530675272399196,0.00333125130127,0.0,0.9401068776459156,0.0489189853442979,0.9689083211881464,0,0,0,28,28,1.0,2282.05,81.50178571428572,81.50178571428572,132.64999999999998,0.9171797287526566,1.0714285714285714,0.25,0.0,0.0,0.0,0.0,13,5,2.446599135291597,0.0357142857142857,1.037037037037037,1.0209479128142112,0.0,0.0,0.0,-0.8819514475775867,-0.3606317186129354,0.0,0.0
1000000163,FAMILY,PA,2024-04,0.9530050662780208,0.0034006523700464,0.0,0.9401068776459156,0.049168785507712,0.9687695190505934,0,0,0,32,32,1.0,2558.67,79.9584375,79.9584375,140.9145,0.9136739008938236,1.03125,0.25,0.0,0.0,0.0,0.0,12,5,2.332035282080985,0.0,0.8888888888888888,0.8822746472802505,0.0,-0.3372453797382976,0.0,-0.3829400133661672,-0.0441701913285558,0.0,-0.6744907594765952
1000000149,IM,NY,2024-05,0.9526927614685268,0.0034700534388229,0.0,0.9401068776459156,0.0496912816125816,0.9680755083628289,0,0,0,31,31,1.0,2687.42,86.69096774193548,86.69096774193548,162.005,0.9188664220702384,1.096774193548387,0.1935483870967742,0.0,0.0,0.0,0.0,13,5,2.3466586149281516,0.032258064516129,1.0,0.9881976576720128,0.0,-0.134898151895319,0.0,-0.1497405764604194,-0.915106058872418,0.0,0.0
1000000047,FAMILY,NY,2024-05,0.9520369213685892,0.0035394545075994,0.0,0.9401068776459156,0.0505829493188042,0.9666180859185232,0,0,0,30,30,1.0,2507.24,83.57466666666667,83.57466666666667,147.25549999999998,0.9160870120132096,1.0333333333333334,0.2333333333333333,0.0,0.0,0.0,0.0,11,5,2.2592160997698714,0.0,1.0,0.9448399917596636,0.0,-0.4496605063177301,0.0,-0.0185993277181895,-0.0625137777075857,0.0,0.0
1000001173,FAMILY,NJ,2024-04,0.9517558470400443,0.0036088555763758,0.0,0.9401068776459156,0.0510460255876953,0.965993476299535,0,0,0,29,29,1.0,2300.32,79.32137931034484,79.32137931034484,133.326,0.9124904361132364,1.0344827586206895,0.2758620689655172,0.0,0.0,0.0,0.0,12,5,2.3985790243745666,0.0,0.935483870967742,0.8936358668486496,0.0,-0.3372453797382976,0.0,-0.5436438479888069,-0.0708651390613887,0.0,0.0
1000000146,IM,NY,2024-06,0.9516933860781456,0.0036782566451523,0.0,0.9401068776459156,0.0512605306286499,0.965854674161982,0,0,0,32,32,1.0,2565.99,80.1871875,80.1871875,143.453,0.9203777099676927,1.0625,0.3125,0.0,0.0,0.0,0.0,15,5,2.517544404636584,0.0,0.9320388349514562,0.9350037470743062,0.0,0.0,0.0,-1.1286967734216282,-0.112415126579432,0.0,0.0
1000000201,IM,PA,2024-08,0.9514435422305504,0.0037476577139287,0.0,0.9401068776459156,0.0514917124759604,0.9652994656117704,0,0,0,34,34,1.0,2910.86,85.61352941176472,85.61352941176472,156.722,0.9167290766302744,1.0,0.2647058823529412,0.0,0.0,0.0,0.0,13,5,2.443431904848591,0.0294117647058823,0.918918918918919,0.9050431141696378,0.0,-0.3372453797382976,0.0,-0.2229399031743369,-0.1875798171653624,0.0,0.0
1000000606,IM,NY,2024-10,0.9511312374210564,0.0038170587827052,0.0,0.9401068776459156,0.0518516254690661,0.9646054549240058,0,0,0,32,32,1.0,2691.35,84.1046875,84.1046875,143.042,0.9100042729485204,1.0,0.25,0.0,0.0,0.0,0.0,13,5,2.2532878701114827,0.03125,0.9896907216494844,0.9818885610812624,0.0,-0.1686226898691488,0.0,-0.555887986228629,-0.2529340348037225,0.0,0.0
1000000387,FAMILY,NJ,2024-07,0.9503817058782706,0.0038864598514817,0.0,0.9401068776459156,0.0528810405157022,0.9629398292733709,0,0,0,30,30,1.0,2388.53,79.61766666666668,79.61766666666668,146.14049999999995,0.9055988411282252,1.0,0.2,0.0,0.0,0.0,0.0,13,5,2.3897931169548032,0.0,1.0344827586206895,1.0074784882740004,0.0,-0.1686226898691488,0.0,-0.6934625343179873,-0.6156761663496922,0.0,0.0
1000000009,FAMILY,PA,2024-04,0.9497883267402318,0.0039558609202581,0.0,0.9401068776459156,0.0535721109213696,0.961621208966618,0,0,0,31,31,1.0,2451.29,79.07387096774194,79.07387096774194,149.155,0.9228365472873468,1.064516129032258,0.2258064516129032,0.0,0.0,0.0,0.0,13,5,2.3041723926030566,0.0,0.8857142857142857,0.8760551803009183,0.0,-0.5058680696074465,0.0,-0.4837871358119088,-0.4117801707726657,0.0,-0.6744907594765952
1000000107,IM,PA,2024-03,0.949569713373586,0.0040252619890346,0.0,0.9401068776459156,0.0540714668757827,0.9611354014851828,0,0,0,30,30,1.0,2642.19,88.07300000000001,88.07300000000001,157.45549999999997,0.9231054541876248,1.0333333333333334,0.2666666666666666,0.0,0.0,0.0,0.0,13,5,2.4534445337842845,0.0,0.8411214953271029,0.8195895315978365,0.0,-1.1803588290840417,0.0,-0.1331460865621234,-0.924614416115833,0.0,0.0
1000001052,IM,NY,2024-01,0.9493198695259908,0.004094663057811,0.0,0.9401068776459156,0.0543906320114415,0.9605801929349712,0,0,0,29,29,1.0,2536.01,87.44862068965516,87.44862068965516,142.47199999999998,0.9066880651101534,1.0344827586206895,0.2068965517241379,0.0,0.0,0.0,0.0,12,4,2.3273414206400327,0.0,1.0,1.0,0.0,-0.6744907594765952,0.0,-0.2313726633736212,-0.5648444783794153,0.0,0.0
1000000535,FAMILY,MA,2024-12,0.9492261780831426,0.0041640641265875,0.0,0.9401068776459156,0.0544574917650422,0.9603719897286418,0,0,0,29,29,1.0,2314.79,79.82034482758621,79.82034482758621,137.62599999999998,0.9083761377921972,1.0,0.2413793103448276,0.0,0.0,0.0,0.0,13,5,2.452708142695037,0.0,0.9456521739130436,0.9131429563268992,0.0,0.0,0.0,-0.102689181293818,-0.4884243430692592,0.0,0.0
1000000995,IM,MA,2024-06,0.9491949476021933,0.004233465195364,0.0,0.9401068776459156,0.054459093803229,0.9603025886598654,0,0,0,26,26,1.0,2291.16,88.12153846153845,88.12153846153845,151.375,0.9223319192025,1.0384615384615383,0.3076923076923077,0.0,0.0,0.0,0.0,13,4,2.471380486359653,0.0384615384615384,0.9176470588235296,0.9874767442695724,0.0,-0.3372453797382976,0.0,-0.1153713208840636,-0.0864669874171733,0.0,0.0
1000000487,IM,MA,2024-06,0.948945103754598,0.0043028662641404,0.0,0.9401068776459156,0.0549923522817471,0.9597473801096535,0,0,0,26,26,1.0,2268.28,87.24153846153847,87.24153846153847,150.335,0.9236293579275928,1.0,0.1923076923076923,0.0,0.0,0.0,0.0,12,5,2.321830237174621,0.0,0.951219512195122,1.0310707326607855,0.0,-0.3372453797382976,0.0,-0.2146525016824698,-1.1600274054482171,0.0,0.0
1000001073,IM,PA,2024-03,0.9489138732736484,0.0043722673329169,0.0,0.9401068776459156,0.0551049685817398,0.9596779790408771,0,0,0,34,34,1.0,2846.56,83.72235294117647,83.72235294117647,140.7625,0.9265499409813952,1.088235294117647,0.2941176470588235,0.0,0.0,0.0,0.0,13,5,2.361885177723891,0.0294117647058823,0.9532710280373832,0.9253965863073016,0.0,-0.5058680696074465,0.0,-0.6758408742795321,-0.5438908330093135,0.0,0.0
1000000371,IM,CT,2024-03,0.9486640294260532,0.0044416684016933,0.0,0.9401068776459156,0.0553198516330322,0.9591227704906656,0,0,0,27,27,1.0,2359.46,87.38740740740741,87.38740740740741,145.988,0.9343112407076194,1.0740740740740742,0.2962962962962963,0.0,0.0,0.0,0.0,13,5,2.4136266556986308,0.0,0.9418604651162792,0.9023734794459076,0.0,-0.3372453797382976,0.0,-0.183899632154359,-0.2598038480946886,0.0,0.0
1000000482,FAMILY,NY,2024-06,0.947883267402318,0.0045110694704698,0.0,0.9401068776459156,0.056284871851156,0.957387743771254,0,0,0,30,30,1.0,2379.11,79.30366666666667,79.30366666666667,167.24849999999998,0.9215546990261064,1.0,0.2666666666666666,0.0,0.0,0.0,0.0,13,5,2.3610249097096254,0.0,1.0344827586206895,0.9714023232550067,0.0,-0.1686226898691488,0.0,-0.2607051261324277,-0.8752694041579997,0.0,0.0
1000000357,IM,NY,2024-05,0.947727114997571,0.0045804705392463,0.0,0.9401068776459156,0.0565532240154673,0.9570407384273718,0,0,0,31,31,1.0,2617.95,84.44999999999999,84.44999999999999,141.7,0.9261750606390496,1.064516129032258,0.1935483870967742,0.0,0.0,0.0,0.0,14,5,2.444247655620264,0.032258064516129,0.93,0.8581538740585422,0.0,-0.134898151895319,0.0,-0.4819265049261196,-0.915106058872418,0.0,0.0
1000000635,IM,NJ,2024-03,0.9472274273023804,0.0046498716080227,0.0,0.9401068776459156,0.0572478188167027,0.9559303213269484,0,0,0,29,29,1.0,2310.02,79.65586206896552,79.65586206896552,139.29799999999997,0.9306109903810356,1.0344827586206895,0.3103448275862069,0.0,0.0,0.0,0.0,12,5,2.336671648383096,0.0344827586206896,1.0875,1.0201436137796216,0.0,-0.385423291129483,0.0,-1.3514467393799594,-0.2697963037906375,0.0,0.0
1000000496,FAMILY,MA,2024-11,0.9465403567214936,0.0047192726767992,0.0,0.9401068776459156,0.0580166693072973,0.9544034978138664,0,0,0,26,26,1.0,2143.22,82.43153846153845,82.43153846153845,136.38,0.9142551861218168,1.0,0.2692307692307692,0.0,0.0,0.0,0.0,13,5,2.4381864010767553,0.0384615384615384,0.9285714285714286,0.9373638709489308,0.0,-0.6744907594765952,0.0,-0.0354820475597333,-0.3604566002061156,0.0,0.0
1000000529,IM,NY,2024-09,0.946259282392949,0.0047886737455756,0.0,0.9401068776459156,0.0584765579376582,0.9537788881948782,0,0,0,31,31,1.0,2622.58,84.59935483870967,84.59935483870967,149.255,0.9239756270542748,1.064516129032258,0.2903225806451613,0.0,0.0,0.0,0.0,13,4,2.4141745044461578,0.0,0.8857142857142857,0.8515469161791686,0.0,-0.1686226898691488,0.0,-0.3694656193524473,-0.0692292568377731,0.0,0.0
1000000149,IM,NY,2024-04,0.945884516621556,0.0048580748143521,0.0,0.9401068776459156,0.0589410487409502,0.9529460753695608,0,0,0,29,29,1.0,2549.14,87.90137931034482,87.90137931034482,148.50799999999998,0.912743121209506,1.0344827586206895,0.1724137931034483,0.0,0.0,0.0,0.0,14,5,2.4503211954866937,0.0344827586206896,0.90625,0.9236985045530144,0.0,-0.3372453797382976,0.0,-0.1298898195141891,-0.9535903840875988,0.0,0.0
1000000746,IM,NJ,2024-05,0.9456659032549102,0.0049274758831286,0.0,0.9401068776459156,0.0591230123195889,0.9524602678881254,0,0,0,30,30,1.0,2621.05,87.36833333333334,87.36833333333334,143.56099999999995,0.9181930905553116,1.0666666666666669,0.2666666666666666,0.0,0.0,0.0,0.0,14,5,2.4996543458216145,0.0666666666666666,1.0465116279069766,1.0465627000616242,0.0,-0.4496605063177301,0.0,-0.0786492130049581,0.0,0.0,0.0
1000000729,IM,NJ,2024-08,0.9447914497883269,0.004996876951905,0.0,0.9401068776459156,0.0601414258420371,0.9505170379623846,0,0,0,27,27,1.0,2182.74,80.84222222222223,80.84222222222223,144.345,0.9140758862713836,1.0,0.2962962962962963,0.0,0.0,0.0,0.0,13,5,2.499499324125193,0.0,0.9878048780487804,0.9056348566425976,0.0,-0.6744907594765952,0.0,-1.0296856209699454,-0.0389289419821368,0.0,0.0
1000000249,IM,NY,2024-07,0.9446977583454784,0.0050662780206815,0.0,0.9401068776459156,0.0602201050480761,0.9503088347560552,0,0,0,28,28,1.0,2405.39,85.9067857142857,85.9067857142857,147.16849999999997,0.9239208610661888,1.0,0.2142857142857142,0.0,0.0,0.0,0.0,14,5,2.514797081894612,0.0,0.8936170212765958,0.8629077968387896,0.0,-0.8431134493457441,0.0,-0.2649006801162962,-0.4817791139118551,0.0,-0.6744907594765952
1000000351,IM,PA,2024-02,0.9446352973835798,0.0051356790894579,0.0,0.9401068776459156,0.0603560503509312,0.9501700326185024,0,0,0,29,29,1.0,2237.77,77.1644827586207,77.1644827586207,141.82,0.9198130281485586,1.0344827586206895,0.2758620689655172,0.0,0.0,0.0,0.0,12,5,2.2708253551112185,0.0,0.90625,0.8277506209692483,0.0,-0.6744907594765952,0.0,-1.3643312026531074,-0.0133998448029983,0.0,0.0
1000000684,IM,NY,2024-10,0.9446040669026304,0.0052050801582344,0.0,0.9401068776459156,0.0603614191434001,0.950100631549726,0,0,0,30,30,1.0,2567.34,85.578,85.578,155.40699999999998,0.9233369947104784,1.0333333333333334,0.1333333333333333,0.0,0.0,0.0,0.0,12,5,2.3261417001253224,0.0,1.0112359550561798,0.9928546107290412,0.0,-0.5058680696074465,0.0,-0.3653020544822666,-2.023472278429787,0.0,0.0
1000000958,IM,MA,2024-01,0.9445416059407316,0.0052744812270108,0.0,0.9401068776459156,0.060470758674888,0.949961829412173,0,0,0,27,27,1.0,2257.72,83.61925925925925,83.61925925925925,172.065,0.9266605247772088,1.037037037037037,0.2222222222222222,0.0,0.0,0.0,0.0,12,5,2.3842257390944313,0.0,1.0,1.0,0.0,-0.3372453797382976,0.0,-0.4724231378029327,-0.3747170885981087,0.0,0.0
1000000912,IM,NJ,2024-05,0.9443229925740856,0.0053438822957873,0.0,0.9401068776459156,0.0607696176757276,0.9494760219307378,0,0,0,29,29,1.0,2393.67,82.54034482758621,82.54034482758621,142.69199999999998,0.9228799291464572,1.103448275862069,0.2413793103448276,0.0,0.0,0.0,0.0,14,5,2.464425317646443,0.0,1.0481927710843373,1.0293215030567124,0.0,-0.6744907594765952,0.0,-0.820101848725713,-0.355953144431426,0.0,0.0
1000000591,IM,NY,2024-02,0.9441356096883892,0.0054132833645638,0.0,0.9401068776459156,0.0608710947677279,0.9490596155180788,0,0,0,28,28,1.0,2152.59,76.8782142857143,76.8782142857143,143.289,0.9116738440669148,1.0714285714285714,0.2142857142857142,0.0,0.0,0.0,0.0,13,5,2.425439506262793,0.0,0.9333333333333332,0.9369046660471676,0.0,-0.1686226898691488,0.0,-1.062377305859807,-0.7226686708677816,0.0,-0.6744907594765952
1000000512,FAMILY,MA,2024-10,0.9432923867027552,0.0054826844333402,0.0,0.9401068776459156,0.061646126284554,0.9471857866611144,0,0,0,28,28,1.0,2311.93,82.56892857142857,82.56892857142857,142.19849999999997,0.9041406963013586,1.0357142857142858,0.2142857142857142,0.0,0.0,0.0,0.0,13,5,2.413303860777408,0.0,0.8484848484848485,0.9198294497566408,0.0,-0.224830253158865,0.0,-0.112613954870649,-0.4542488788311779,0.0,0.0
1000000845,FAMILY,NJ,2024-08,0.9432299257408564,0.0055520855021167,0.0,0.9401068776459156,0.0616945903001027,0.9470469845235616,0,0,0,28,28,1.0,2214.91,79.10392857142857,79.10392857142857,144.337,0.9022714241210704,1.0357142857142858,0.25,0.0,0.0,0.0,0.0,13,5,2.422327844320826,0.0,1.0120481927710845,1.0229743668693712,0.0,-0.5781349366942244,0.0,-0.5278869945598901,-0.4787333838813764,0.0,0.0
1000001089,IM,NY,2024-02,0.9431674647789576,0.0056214865708931,0.0,0.9401068776459156,0.0617631754286471,0.9469081823860088,0,0,0,27,27,1.0,2154.84,79.80888888888889,79.80888888888889,135.373,0.9090048449072784,1.037037037037037,0.2222222222222222,0.0,0.0,0.0,0.0,13,5,2.4136266556986308,0.0,0.9,0.8744316279635999,0.0,-0.3372453797382976,0.0,-0.6744907594765952,-0.6370190506167845,0.0,-0.6744907594765952
1000000247,IM,NJ,2024-11,0.9431050038170588,0.0056908876396696,0.0,0.9401068776459156,0.0618146254950944,0.9467693802484558,0,0,0,25,25,1.0,2076.61,83.0644,83.0644,137.672,0.928392909597854,1.0,0.28,0.0,0.0,0.0,0.0,12,5,2.358831279638734,0.0,0.925925925925926,0.9022737048832732,0.0,-0.8431134493457441,0.0,-0.569946972772595,-0.077084658225896,0.0,-0.6744907594765952
1000000156,FAMILY,NY,2024-09,0.9427614685266156,0.0057602887084461,0.0,0.9401068776459156,0.062215110667188,0.9460059684919148,0,0,0,31,31,1.0,2469.05,79.6467741935484,79.6467741935484,125.94,0.9206050910269132,1.032258064516129,0.2258064516129032,0.0,0.0,0.0,0.0,12,5,2.33793033736206,0.0,0.9207920792079208,0.8827651549008741,0.0,0.0,0.0,-0.2871167683871053,-0.7485707737662677,0.0,0.0
1000000395,FAMILY,PA,2024-06,0.942730238045666,0.0058296897772225,0.0,0.9401068776459156,0.0622163321407063,0.9459365674231384,0,0,0,34,34,1.0,2768.46,81.42529411764706,81.42529411764706,165.52649999999994,0.9348952125008126,1.0,0.3235294117647059,0.0,0.0,0.0,0.0,14,5,2.4862411939709976,0.0,0.9714285714285714,1.0018733752721702,0.0,-0.1927116455647415,0.0,-0.3810909402625392,-0.1377047441889048,0.0,0.0
1000001105,IM,NY,2024-12,0.9424803941980708,0.005899090845999,0.0,0.9401068776459156,0.062330713741755,0.9453813588729266,0,0,0,28,28,1.0,2414.56,86.23428571428572,86.23428571428572,145.3885,0.9124271088728382,1.0,0.25,0.0,0.0,0.0,0.0,14,5,2.514797081894612,0.0,1.12,1.027861615675724,0.0,-0.5058680696074465,0.0,-0.1876953578537638,-0.6744907594765952,0.0,-0.6744907594765952
1000000918,IM,MA,2024-11,0.942417933236172,0.0059684919147754,0.0,0.9401068776459156,0.062367130851054,0.9452425567353736,0,0,0,27,27,1.0,2319.68,85.91407407407407,85.91407407407407,139.762,0.9284944475100014,1.0,0.2592592592592592,0.0,0.0,0.0,0.0,13,5,2.4161904138112957,0.037037037037037,0.9101123595505618,0.8489170544857915,0.0,-0.1686226898691488,0.0,-0.3602654447795541,-0.3739334372922117,0.0,0.0
1000000313,IM,NY,2024-01,0.9421368589076272,0.0060378929835519,0.0,0.9401068776459156,0.062613433932068,0.9446179471163856,0,0,0,31,31,1.0,2397.01,77.32290322580644,77.32290322580644,139.14999999999998,0.9350399038802508,1.064516129032258,0.2258064516129032,0.0,0.0,0.0,0.0,12,5,2.324736158567455,0.0,1.0,1.0,0.0,-0.224830253158865,0.0,-1.5522880341981802,-0.2642014495645653,0.0,0.0
1000000195,FAMILY,MA,2024-01,0.9420743979457284,0.0061072940523284,0.0,0.9401068776459156,0.0627181293647015,0.9444791449788328,0,0,0,29,29,1.0,2354.36,81.18482758620691,81.18482758620691,149.92399999999995,0.918572350872424,1.0344827586206895,0.2413793103448276,0.0,0.0,0.0,0.0,15,5,2.566357689798634,0.0,1.0,1.0,0.0,0.0,0.0,-0.1034985009244375,-0.3488745307637558,0.0,0.0
1000000436,FAMILY,NJ,2024-07,0.9415434797695884,0.0061766951211048,0.0,0.9401068776459156,0.0634209353077689,0.9432993268096328,0,0,0,26,26,1.0,2141.56,82.36769230769231,82.36769230769231,155.525,0.9130727133491474,1.0769230769230769,0.1923076923076923,0.0,0.0,0.0,0.0,12,5,2.3647424585811994,0.0,0.9285714285714286,0.9720078067083228,0.0,-0.8431134493457441,0.0,-0.352576952006124,-0.7369632160058236,0.0,0.0
1000000616,FAMILY,CT,2024-03,0.941262405441044,0.0062460961898813,0.0,0.9401068776459156,0.063875547972976,0.9426747171906448,0,0,0,27,27,1.0,2153.15,79.7462962962963,79.7462962962963,140.844,0.9140561502914334,1.037037037037037,0.2962962962962963,0.0,0.0,0.0,0.0,14,5,2.518878885005362,0.037037037037037,0.9,0.9133786007997692,0.0,-0.4496605063177301,0.0,-0.4591954356984588,-0.4041393192584045,0.0,0.0
1000001130,IM,NY,2024-04,0.9410125615934486,0.0063154972586577,0.0,0.9401068776459156,0.0641192795688253,0.942119508640433,0,0,0,30,30,1.0,2521.4,84.04666666666667,84.04666666666667,141.2075,0.9108114539541524,1.0666666666666669,0.2666666666666666,0.0,0.0,0.0,0.0,12,5,2.3435833049174737,0.0,0.8823529411764706,0.8307961989113387,0.0,-0.1686226898691488,0.0,-0.6235977405419321,0.0,0.0,0.0
1000000054,IM,NY,2024-01,0.940512873898258,0.0063848983274342,0.0,0.9401068776459156,0.0647184746947814,0.9410090915400096,0,0,0,28,28,1.0,2406.5,85.94642857142857,85.94642857142857,151.482,0.930833160191149,1.0714285714285714,0.1785714285714285,0.0,0.0,0.0,0.0,14,5,2.4652865689974734,0.0357142857142857,1.0,1.0,0.0,-0.8993210126354603,0.0,-0.4273359287897587,-1.0151774185999791,0.0,0.0
1000000252,IM,NY,2024-05,0.9397633423554724,0.0064542993962107,0.0,0.9401068776459156,0.0655085783720452,0.9393434658893748,0,0,0,28,28,1.0,2178.23,77.79392857142857,77.79392857142857,139.73149999999995,0.9289882152022514,1.0714285714285714,0.25,0.0,0.0,0.0,0.0,12,5,2.3329702686890066,0.0,0.9545454545454546,0.944304353543513,0.0,-0.5395926075812761,0.0,-1.4685775959071805,-0.1289467628411126,0.0,0.0
1000000068,FAMILY,PA,2024-01,0.939575959469776,0.0065237004649871,0.0,0.9401068776459156,0.0656626124751255,0.938927059476716,0,0,0,36,36,1.0,2875.01,79.86138888888888,79.86138888888888,136.22,0.9209672314183256,1.0555555555555556,0.1944444444444444,0.0,0.0,0.0,0.0,12,5,2.387089807052908,0.0,1.0,1.0,0.0,0.0,0.0,-0.6668161530597169,-0.9489275225687568,0.0,-0.6744907594765952
1000000596,FAMILY,NY,2024-10,0.9390762717745854,0.0065931015337636,0.0,0.9401068776459156,0.0661072713886692,0.9378166423762926,0,0,0,32,32,1.0,2525.46,78.920625,78.920625,146.0745,0.9233525773522446,1.03125,0.15625,0.0,0.0,0.0,0.0,13,5,2.315124244296683,0.0,1.032258064516129,0.9721832992008378,0.0,0.0,0.0,-0.6744907594765952,-1.7151336455262012,0.0,0.0
1000000546,IM,MA,2024-03,0.938201818308002,0.00666250260254,0.0,0.9401068776459156,0.0671856719173835,0.9358734124505518,0,0,0,27,27,1.0,2380.42,88.1637037037037,88.1637037037037,139.539,0.9225052721788592,1.0740740740740742,0.2962962962962963,0.0,0.0,0.0,0.0,14,4,2.467534649408329,0.0,1.0,0.9548747516292851,0.0,-0.5058680696074465,0.0,-0.1804201766000452,-0.0983789011871291,0.0,-0.6744907594765952
1000000166,FAMILY,CT,2024-05,0.9380144354223056,0.0067319036713165,0.0,0.9401068776459156,0.0673368757175032,0.935457006037893,0,0,0,27,27,1.0,2227.0,82.48148148148148,82.48148148148148,143.80499999999998,0.911773686573866,1.0740740740740742,0.2592592592592592,0.0,0.0,0.0,0.0,12,4,2.3454666173340946,0.0,0.9204545454545456,0.9132551168121776,0.0,-0.5781349366942244,0.0,-0.1465021759930128,-0.0175487110237275,0.0,0.0
1000000509,IM,MA,2024-04,0.937889513498508,0.0068013047400929,0.0,0.9401068776459156,0.0673887590359353,0.9351794017627872,0,0,0,27,27,1.0,2052.49,76.01814814814814,76.01814814814814,141.23299999999998,0.915726751409264,1.037037037037037,0.1851851851851851,0.0,0.0,0.0,0.0,12,5,2.374867533938294,0.0,1.0657894736842106,0.9978171883051852,0.0,-0.1686226898691488,0.0,-1.5422128278232867,-0.9499761878660342,0.0,0.0
1000000527,IM,MA,2024-11,0.9373273648414188,0.0068707058088694,0.0,0.9401068776459156,0.0681927934792792,0.9339301825248107,0,0,0,25,25,1.0,2159.76,86.39040000000001,86.39040000000001,146.22199999999998,0.9178103122569172,1.0,0.2,0.0,0.0,0.0,0.0,13,5,2.4352129798341116,0.04,0.9146341463414634,0.8800846496452783,0.0,-0.5058680696074465,0.0,-0.3030375998093205,-1.1444360451726583,0.0,0.0
1000000863,IM,PA,2024-01,0.9372961343604692,0.0069401068776459,0.0,0.9401068776459156,0.0682078798123532,0.9338607814560344,0,0,0,30,30,1.0,2433.58,81.11933333333333,81.11933333333333,133.99849999999998,0.9139169454055344,1.1,0.2,0.0,0.0,0.0,0.0,13,5,2.4822127410294628,0.0,1.0,1.0,0.0,-1.1241512657943251,0.0,-1.228984849070042,-0.6690092169266685,0.0,-0.6744907594765952
1000000704,FAMILY,NY,2024-01,0.9368901381081268,0.0070095079464223,0.0,0.9401068776459156,0.0684813790261455,0.9329585675619404,0,0,0,27,27,1.0,2209.18,81.82148148148147,81.82148148148147,132.65800000000002,0.9186711811622412,1.037037037037037,0.2592592592592592,0.0,0.0,0.0,0.0,12,4,2.3328815034973984,0.037037037037037,1.0,1.0,0.0,-0.8431134493457441,0.0,-0.1053087427625582,-0.0219531223623142,0.0,0.0
1000000948,IM,NJ,2024-05,0.9368589076271776,0.0070789090151988,0.0,0.9401068776459156,0.0685355781023734,0.932889166493164,0,0,0,32,32,1.0,2692.96,84.155,84.155,169.1735,0.905100707028697,1.09375,0.25,0.0,0.0,0.0,0.0,14,5,2.453544859543823,0.03125,0.96,0.9692531397117752,0.0,0.0,0.0,-0.5721330865919079,-0.234605481557076,0.0,0.0
1000000288,IM,MA,2024-01,0.9366090637795824,0.0071483100839752,0.0,0.9401068776459156,0.0687967088179319,0.9323339579429524,0,0,0,28,28,1.0,2108.5,75.30357142857143,75.30357142857143,132.13899999999998,0.919103628171686,1.0357142857142858,0.25,0.0,0.0,0.0,0.0,14,5,2.493637452865809,0.0,1.0,1.0,0.0,-0.1686226898691488,0.0,-1.5467157049720972,0.0,0.0,0.0
1000000144,IM,NY,2024-04,0.9361406065653411,0.0072177111527517,0.0,0.9401068776459156,0.0689734661294737,0.9312929419113054,0,0,0,26,26,1.0,2224.67,85.56423076923078,85.56423076923078,147.9825,0.9288703493102348,1.0384615384615383,0.2307692307692307,0.0,0.0,0.0,0.0,12,5,2.3315483732983022,0.0,0.8387096774193549,0.8376636824262841,0.0,-0.8431134493457441,0.0,-0.4292295768522148,-0.3631873320258588,0.0,0.0
1000000376,IM,PA,2024-09,0.936046915122493,0.0072871122215282,0.0,0.9401068776459156,0.0691159745540532,0.931084738704976,0,0,0,32,32,1.0,2820.27,88.1334375,88.1334375,161.683,0.9149726799207168,1.03125,0.15625,0.0,0.0,0.0,0.0,12,5,2.344257609496598,0.0,1.103448275862069,1.0946680795072137,0.0,-1.1241512657943251,0.0,-0.0442150819128186,-1.8013433986189211,0.0,-0.6744907594765952
1000000959,IM,NJ,2024-03,0.9359532236796448,0.0073565132903046,0.0,0.9401068776459156,0.0691725364012458,0.9308765354986468,0,0,0,28,28,1.0,2444.83,87.31535714285714,87.31535714285714,155.081,0.9106359133354875,1.0,0.1785714285714285,0.0,0.0,0.0,0.0,12,5,2.3329702686890066,0.0,0.9032258064516128,0.9584173449666852,0.0,-0.5781349366942244,0.0,-0.2162014755246495,-1.816307259447688,0.0,0.0
1000000558,IM,PA,2024-07,0.935890762717746,0.0074259143590811,0.0,0.9401068776459156,0.0691911419605204,0.9307377333610938,0,0,0,36,36,1.0,3088.35,85.7875,85.7875,155.8675,0.9096022147748798,1.0555555555555556,0.1666666666666666,0.0,0.0,0.0,0.0,13,5,2.3623106333281174,0.0,1.0,0.9959634940769247,0.0,-0.1686226898691488,0.0,-0.2751210379665281,-1.508624302261259,0.0,-0.6744907594765952
1000001079,FAMILY,NY,2024-01,0.9349226178083144,0.0074953154278575,0.0,0.9401068776459156,0.0700090122906544,0.9285863002290236,0,0,0,30,30,1.0,2298.93,76.631,76.631,131.96099999999998,0.9237166855885128,1.0333333333333334,0.2,0.0,0.0,0.0,0.0,14,5,2.5284225530667923,0.0333333333333333,1.0,1.0,0.0,-0.3372453797382976,0.0,-0.874228456295122,-0.829828025295447,0.0,0.0
1000000920,IM,NY,2024-08,0.9347040044416686,0.007564716496634,0.0,0.9401068776459156,0.070147115337797,0.9281004927475884,0,0,0,30,30,1.0,2609.08,86.96933333333332,86.96933333333332,163.07249999999996,0.9376485197847516,1.0,0.2666666666666666,0.0,0.0,0.0,0.0,12,5,2.323834317823924,0.0,0.9473684210526316,0.8869966672068337,0.0,-0.1686226898691488,0.0,0.0,-0.174867974679118,0.0,-0.6744907594765952
1000000502,IM,MA,2024-11,0.9345790825178708,0.0076341175654105,0.0,0.9401068776459156,0.0702242203341354,0.9278228884724824,0,0,0,25,25,1.0,2213.2200000000003,88.5288,88.5288,142.208,0.9181509294150604,1.0,0.24,0.0,0.0,0.0,0.0,13,5,2.376992346627638,0.04,0.8823529411764707,0.9050358829663252,0.0,-0.5058680696074465,0.0,-0.0461210285635808,-0.6243467848533565,0.0,0.0
1000000190,IM,NY,2024-01,0.9345478520369216,0.0077035186341869,0.0,0.9401068776459156,0.070258645945892,0.927753487403706,0,0,0,31,31,1.0,2598.64,83.82709677419355,83.82709677419355,159.49,0.9088985007542408,1.064516129032258,0.1935483870967742,0.0,0.0,0.0,0.0,14,4,2.3804165596871547,0.032258064516129,1.0,1.0,0.0,-0.224830253158865,0.0,-0.7038060117087936,-0.7770630869546031,0.0,0.0
1000000449,IM,MA,2024-01,0.9337358595322368,0.0077729197029634,0.0,0.9401068776459156,0.0708075160700311,0.925949059615518,0,0,0,27,27,1.0,2339.38,86.64370370370371,86.64370370370371,148.0,0.916819841154494,1.037037037037037,0.1481481481481481,0.0,0.0,0.0,0.0,12,5,2.2904844000415396,0.037037037037037,1.0,1.0,0.0,-0.3372453797382976,0.0,-0.0816992130191902,-1.3739626581930653,0.0,0.0
1000000457,FAMILY,NY,2024-11,0.9335172461655912,0.0078423207717398,0.0,0.9401068776459156,0.0710634797330479,0.9254632521340828,0,0,0,31,31,1.0,2428.24,78.33032258064516,78.33032258064516,145.74,0.934100418410042,1.0,0.1935483870967742,0.0,0.0,0.0,0.0,14,5,2.4720878561801136,0.0,1.056818181818182,0.9693147207108668,0.0,0.0,0.0,-0.6744907594765952,-1.1691173164261004,0.0,0.0
1000000723,IM,NJ,2024-05,0.93304878895135,0.0079117218405163,0.0,0.9401068776459156,0.0714226616684378,0.924422236102436,0,0,0,31,31,1.0,2679.1,86.42258064516129,86.42258064516129,149.875,0.9097346123698256,1.032258064516129,0.1935483870967742,0.0,0.0,0.0,0.0,14,5,2.544647229679315,0.032258064516129,0.9489795918367347,0.8241643304081394,0.0,-0.224830253158865,0.0,-0.2238920657065389,-1.0292369513471753,0.0,0.0
1000000660,IM,PA,2024-09,0.9327677146228052,0.0079811229092928,0.0,0.9401068776459156,0.0717066747362702,0.923797626483448,0,0,0,37,37,1.0,3216.68,86.93729729729729,86.93729729729729,159.552,0.9237536839225536,1.027027027027027,0.2702702702702703,0.0,0.0,0.0,0.0,13,5,2.4289411609587184,0.0,0.902439024390244,0.939248857089742,0.0,0.0,0.0,-0.1920153900364894,-0.0780015762267906,0.0,-0.6744907594765952
1000000567,IM,NJ,2024-05,0.9326115622180582,0.0080505239780692,0.0,0.9401068776459156,0.0717770153894674,0.9234506211395656,0,0,0,30,30,1.0,2511.95,83.73166666666665,83.73166666666665,156.14249999999996,0.9333744700332413,1.0333333333333334,0.2333333333333333,0.0,0.0,0.0,0.0,12,5,2.2258331279218964,0.0,0.9375,0.9026591603282026,0.0,-0.4496605063177301,0.0,-0.6371460035478669,-0.4692109631141533,0.0,0.0
1000001165,IM,CT,2024-06,0.9322992574085642,0.0081199250468457,0.0,0.9401068776459156,0.0722399901499242,0.9227566104518008,0,0,0,28,28,1.0,2395.6,85.55714285714285,85.55714285714285,132.83099999999996,0.9299173484721992,1.0,0.3214285714285714,0.0,0.0,0.0,0.0,12,4,2.3572415596597773,0.0357142857142857,1.0,0.975933014938831,0.0,-0.1686226898691488,0.0,-0.4686397876723022,0.0,0.0,0.0
1000000529,IM,NY,2024-11,0.9317371087514748,0.0081893261156221,0.0,0.9401068776459156,0.0728285979870878,0.9215073912138247,0,0,0,32,32,1.0,2763.33,86.3540625,86.3540625,147.42149999999998,0.9385306858029988,1.0,0.28125,0.0,0.0,0.0,0.0,14,4,2.4963070250371593,0.0,1.0,0.9975572452946888,0.0,0.0,0.0,-0.3170314585629065,-0.3177889155226273,0.0,-0.6744907594765952
1000000103,FAMILY,MA,2024-10,0.9314560344229302,0.0082587271843986,0.0,0.9401068776459156,0.0732840719466851,0.9208827815948366,0,0,0,29,29,1.0,2405.95,82.96379310344827,82.96379310344827,172.98,0.9257756811238804,1.0344827586206895,0.2068965517241379,0.0,0.0,0.0,0.0,14,5,2.4503211954866932,0.0344827586206896,1.0875,1.1258399520829565,0.0,0.0,0.0,-0.0650031804449714,-0.5482314054859033,0.0,0.0
1000000770,IM,NJ,2024-03,0.9314248039419808,0.0083281282531751,0.0,0.9401068776459156,0.0732937676639983,0.92081338052606,0,0,0,30,30,1.0,2368.8,78.96000000000001,78.96000000000001,157.68499999999997,0.9221673421141504,1.0666666666666669,0.3333333333333333,0.0,0.0,0.0,0.0,12,4,2.3761591322003786,0.0,0.9090909090909092,0.8573569171634257,0.0,-0.1927116455647415,0.0,-1.4545833182887158,0.0,0.0,0.0
1000000138,IM,MA,2024-07,0.9308938857658408,0.0083975293219515,0.0,0.9401068776459156,0.0735719682074995,0.9196335623568604,0,0,0,29,29,1.0,2534.17,87.3851724137931,87.3851724137931,148.986,0.9215246017433716,1.0344827586206895,0.1034482758620689,0.0,0.0,0.0,0.0,12,5,2.3210155561512824,0.0,1.0116279069767442,0.9687515131744936,0.0,0.0,0.0,-0.0025398298016663,-1.4069575054523749,0.0,0.0
1000000058,IM,NY,2024-05,0.9308626552848916,0.008466930390728,0.0,0.9401068776459156,0.0736100924135366,0.9195641612880838,0,0,0,31,31,1.0,2562.0,82.64516129032258,82.64516129032258,151.31,0.932896174863388,1.064516129032258,0.2258064516129032,0.0,0.0,0.0,0.0,12,4,2.363537587307653,0.032258064516129,1.0,0.9389350185136094,0.0,-0.134898151895319,0.0,-0.7494636101176524,-0.4658721754259581,0.0,0.0
1000000036,IM,MA,2024-09,0.9305503504753974,0.0085363314595044,0.0,0.9401068776459156,0.0739058081042917,0.9188701506003192,0,0,0,28,28,1.0,2368.27,84.58107142857143,84.58107142857143,160.26599999999996,0.917408065803308,1.0714285714285714,0.1785714285714285,0.0,0.0,0.0,0.0,14,5,2.4936374528658085,0.0357142857142857,1.0632911392405064,1.0469743768088604,0.0,0.0,0.0,-0.4782306514532407,-1.0557268678668934,0.0,0.0
1000000204,IM,NJ,2024-04,0.9300818932611564,0.0086057325282809,0.0,0.9401068776459156,0.0741214138081815,0.9178291345686724,0,0,0,28,28,1.0,2436.4,87.01428571428572,87.01428571428572,141.891,0.9299170907896898,1.0714285714285714,0.25,0.0,0.0,0.0,0.0,13,4,2.397088622394458,0.0,0.8484848484848485,0.889069452317064,0.0,-0.4817791139118537,0.0,-0.1201930129314896,-0.1506116355861302,0.0,-0.6744907594765952
1000000825,FAMILY,NY,2024-12,0.9297383579707128,0.0086751335970573,0.0,0.9401068776459156,0.0744895146378186,0.9170657228121312,0,0,0,29,29,1.0,2400.66,82.78137931034482,82.78137931034482,177.52199999999985,0.9216007264668884,1.0344827586206895,0.2413793103448276,0.0,0.0,0.0,0.0,12,5,2.2864814473430326,0.0,0.8787878787878788,0.8586194810118433,0.0,-0.3372453797382976,0.0,-0.0455173876218655,-0.3721328328146733,0.0,0.0
1000000286,IM,CT,2024-05,0.9289940315080852,0.0087445346658338,0.0348874530763751,0.8744187660489972,0.0204904587679773,0.9956971337358596,0,1,0,29,29,1.0,2477.77,85.4403448275862,85.4403448275862,153.926,0.925566134064098,1.0344827586206895,0.2758620689655172,0.0,0.0,0.0,0.0,12,5,2.378149037726066,0.0,0.935483870967742,0.944177350088088,0.0,-0.224830253158865,0.0,-0.3809333694715435,0.0348874530763751,0.0,0.0
1000000018,FAMILY,NY,2024-12,0.9276459157471026,0.0088139357346103,0.0,0.9401068776459156,0.0762088009926917,0.9124158512041084,0,0,0,26,26,1.0,2030.92,78.1123076923077,78.1123076923077,136.79000000000002,0.9316171981171094,1.0384615384615383,0.2692307692307692,0.0,0.0,0.0,0.0,13,5,2.471380486359653,0.0384615384615384,0.9397590361445782,0.9117949884468496,0.0,-0.8431134493457441,0.0,-0.7629226372616857,-0.0873834182317858,0.0,0.0
1000000189,FAMILY,NY,2024-04,0.9274273023804568,0.0088833368033867,0.0,0.9401068776459156,0.0763716712456032,0.9119300437226732,0,0,0,30,30,1.0,2367.48,78.916,78.916,121.8855,0.9219043033098484,1.0666666666666669,0.2,0.0,0.0,0.0,0.0,13,5,2.3874857346534046,0.0333333333333333,0.9782608695652174,0.9270275350061083,0.0,-0.4496605063177301,0.0,-0.4810022328317629,-0.7187196617373557,0.0,0.0
1000000383,FAMILY,NY,2024-10,0.9273336109376084,0.0089527378721632,0.0,0.9401068776459156,0.0764331818615594,0.911721840516344,0,0,0,29,29,1.0,2246.41,77.46241379310344,77.46241379310344,150.67,0.9228724943354064,1.0344827586206895,0.2068965517241379,0.0,0.0,0.0,0.0,12,5,2.3483888233345027,0.0,0.8877551020408164,0.8333061303222074,0.0,-0.5058680696074465,0.0,-0.9012224632014032,-0.871854065451521,0.0,0.0
1000000496,FAMILY,MA,2024-10,0.9269900756471652,0.0090221389409396,0.0,0.9401068776459156,0.0766883464797235,0.9109584287598028,0,0,0,29,29,1.0,2360.32,81.39034482758622,81.39034482758622,143.09999999999994,0.9246161537418652,1.0689655172413792,0.1034482758620689,0.0,0.0,0.0,0.0,13,5,2.4322781560465363,0.0344827586206896,1.0116279069767442,1.0536860619804829,0.0,0.0,0.0,-0.2547216404681235,-1.863986778652071,0.0,0.0
1000000529,IM,NY,2024-10,0.9266812408911098,0.0090915400097161,0.0278938071365206,0.8754944826150323,0.0320369389657715,0.9892428343396488,0,1,0,33,33,1.0,2924.38,88.61757575757576,88.61757575757576,162.974,0.9123301349345844,1.0606060606060606,0.2121212121212121,0.0,0.0,0.0,0.0,14,5,2.4806367673424483,0.0,1.0421052631578946,1.0680975918576057,0.0,0.0,0.0,0.0278938071365206,-0.8277841139030944,0.0,0.0
1000000607,IM,MA,2024-01,0.9266014296620168,0.0091609410784926,0.0123082234600842,0.8781317232285377,0.0358356452908363,0.9858421819696024,0,1,0,29,29,1.0,2533.77,87.37137931034482,87.37137931034482,138.58399999999995,0.9139937721261204,1.0344827586206895,0.2413793103448276,0.0,0.0,0.0,0.0,14,5,2.5483146503584777,0.0,1.0,1.0,0.0,0.0,0.0,0.0123082234600842,-0.1162915102545852,0.0,0.0
1000000361,FAMILY,NJ,2024-08,0.9264903879519746,0.009230342147269,0.0,0.9401068776459156,0.0771171833274104,0.9098480116593796,0,0,0,29,29,1.0,2289.23,78.93896551724139,78.93896551724139,115.226,0.9049986239914732,1.0344827586206895,0.2758620689655172,0.0,0.0,0.0,0.0,13,5,2.3483888233345023,0.0,0.956043956043956,0.9820525653491962,0.0,-0.385423291129483,0.0,-0.5509081441038248,-0.1685558556678535,0.0,0.0
1000000559,FAMILY,NY,2024-09,0.92620931362343,0.0092997432160455,0.0,0.9401068776459156,0.0773258421000545,0.9092234020403914,0,0,0,30,30,1.0,2459.15,81.97166666666666,81.97166666666666,129.11249999999998,0.9068905922778194,1.0666666666666669,0.2333333333333333,0.0,0.0,0.0,0.0,12,5,2.3102003330694987,0.0,1.0112359550561798,1.1075256710502612,0.0,-0.134898151895319,0.0,-0.0087472600627779,-0.6643198670717896,0.0,0.0
1000000550,FAMILY,PA,2024-05,0.9260219307377336,0.0093691442848219,0.0,0.9401068776459156,0.0776258777613186,0.9088069956277328,0,0,0,29,29,1.0,2415.63,83.29758620689655,83.29758620689655,151.988,0.917905473934336,1.0344827586206895,0.1724137931034483,0.0,0.0,0.0,0.0,12,5,2.249395229264887,0.0344827586206896,0.9666666666666668,0.9500081276939374,0.0,-0.8993210126354603,0.0,-0.1805947610738375,-0.9925645508144252,0.0,0.0
1000000252,IM,NY,2024-10,0.9257720868901382,0.0094385453535984,0.0,0.9401068776459156,0.0778497364354583,0.908251787077521,0,0,0,29,29,1.0,2562.49,88.36172413793105,88.36172413793105,151.108,0.9343802317277335,1.103448275862069,0.2068965517241379,0.0,0.0,0.0,0.0,13,5,2.4941855320380073,0.0,0.956043956043956,0.9863457143993564,0.0,-0.6744907594765952,0.0,-0.0052028504421015,-0.9070737799857664,0.0,0.0
1000000382,FAMILY,MA,2024-09,0.9256159344853911,0.0095079464223749,0.0,0.9401068776459156,0.07792872662672,0.9079047817336386,0,0,0,28,28,1.0,2351.06,83.96642857142857,83.96642857142857,130.88249999999996,0.901937849310524,1.0357142857142858,0.2857142857142857,0.0,0.0,0.0,0.0,13,5,2.29806759660018,0.0357142857142857,1.024390243902439,1.0586116376767871,0.0,0.0,0.0,-0.0288894306513673,0.0,0.0,0.0
1000001090,IM,CT,2024-11,0.9255222430425428,0.0095773474911513,0.0,0.9401068776459156,0.0780207724380501,0.9076965785273092,0,0,0,27,27,1.0,2347.09,86.92925925925927,86.92925925925927,169.75699999999998,0.929299685994146,1.0,0.2222222222222222,0.0,0.0,0.0,0.0,13,5,2.3942470948184624,0.0,0.8709677419354839,0.8699391399533976,0.0,-0.6744907594765952,0.0,0.0,-0.7869058860560265,0.0,0.0
1000001080,FAMILY,PA,2024-11,0.925053785828302,0.0096467485599278,0.0,0.9401068776459156,0.0783692712057498,0.9066555624956624,0,0,0,34,34,1.0,2738.48,80.54352941176471,80.54352941176471,155.46149999999997,0.9333717974935,1.088235294117647,0.2058823529411764,0.0,0.0,0.0,0.0,13,5,2.3211118141615414,0.0,1.00990099009901,0.9696972558388232,0.0,-0.1686226898691488,0.0,-0.3687442349025637,-0.8212916894803242,0.0,-0.6744907594765952
1000000505,IM,NY,2024-06,0.9245540981331112,0.0097161496287042,0.0,0.9401068776459156,0.0788086655851729,0.9055451453952392,0,0,0,31,31,1.0,2735.58,88.24451612903225,88.24451612903225,145.89,0.9285160733738368,1.064516129032258,0.2903225806451613,0.0,0.0,0.0,0.0,11,4,2.3019394419888,0.032258064516129,1.0333333333333334,1.0530398876995604,0.0,-0.134898151895319,0.0,-0.1021711803899321,-0.3916397958251189,0.0,0.0
1000000191,FAMILY,NY,2024-09,0.9241481018807692,0.0097855506974807,0.0,0.9401068776459156,0.07921315593391,0.9046429315011452,0,0,0,31,31,1.0,2505.26,80.81483870967742,80.81483870967742,144.125,0.935998658821839,1.0,0.2580645161290322,0.0,0.0,0.0,0.0,14,5,2.542414279065058,0.0,0.9893617021276596,1.1215958286636114,0.0,0.0,0.0,-0.1472593131260386,-0.3874954593613625,0.0,0.0
1000000526,FAMILY,NY,2024-07,0.9232736484141856,0.0098549517662572,0.0,0.9401068776459156,0.0801575253744406,0.9026997015754042,0,0,0,31,31,1.0,2459.27,79.33129032258064,79.33129032258064,140.64,0.9145600117107924,1.032258064516129,0.1290322580645161,0.0,0.0,0.0,0.0,12,5,2.317882800280007,0.0,0.9489795918367347,0.9014555864682876,0.0,-0.1686226898691488,0.0,-0.4040596948374241,-1.4453373417355613,0.0,0.0
1000001031,FAMILY,PA,2024-11,0.9229925740856412,0.0099243528350336,0.0,0.9401068776459156,0.0803645116238557,0.902075091956416,0,0,0,29,29,1.0,2359.94,81.37724137931035,81.37724137931035,141.42999999999995,0.9183030077035856,1.0,0.2758620689655172,0.0,0.0,0.0,0.0,13,6,2.422947928303473,0.0,0.935483870967742,0.936508902351914,0.0,-1.011736139214893,0.0,-0.2313185329307452,0.0,0.0,-0.6744907594765952
1000000131,FAMILY,CT,2024-09,0.9228884724824764,0.0099937539038101,0.0963558227823707,0.8616142688597405,0.0157059907837305,0.9977791657991532,0,1,0,30,30,1.0,2468.6,82.28666666666666,82.28666666666666,146.86,0.9269342947419592,1.0333333333333334,0.2666666666666666,0.0,0.0,0.0,0.0,13,5,2.3851783523520065,0.0,0.967741935483871,0.9280067365635256,0.0,0.0963558227823707,0.0,-0.028392695356179,-0.3005430035858594,0.0,0.0
1000000712,IM,PA,2024-02,0.9220278992296482,0.0100631549725865,0.0619742822138633,0.8692483864251509,0.0351178113407565,0.9865361926573668,0,1,0,32,32,1.0,2801.61,87.5503125,87.5503125,170.3045,0.9098696820756637,1.0625,0.28125,0.0,0.0,0.0,0.0,14,5,2.42873783615903,0.0,0.9411764705882352,0.8998092215984276,0.0,-0.1686226898691488,0.0,-0.0717282378725618,0.0619742822138633,0.0,0.0
1000000549,FAMILY,CT,2024-07,0.9217017142063988,0.010132556041363,0.001479517069671,0.8797279478103963,0.0461696003212845,0.9730029842459574,0,1,0,29,29,1.0,2463.59,84.95137931034483,84.95137931034483,144.438,0.931875839729825,1.0,0.2413793103448276,0.0,0.0,0.0,0.0,12,5,2.3688188099830025,0.0,0.9157894736842104,0.9201472580227484,0.0,-0.1686226898691488,0.0,0.001479517069671,-0.4856492047563636,0.0,0.0
1000000573,IM,PA,2024-10,0.9215872024429176,0.0102019571101394,0.0,0.9401068776459156,0.0815249431684718,0.8989520438614754,0,0,0,35,35,1.0,3064.3,87.55142857142857,87.55142857142857,155.332,0.9189243872988936,1.0,0.2285714285714285,0.0,0.0,0.0,0.0,13,5,2.390979870546611,0.0,0.8677685950413223,0.861694349668179,0.0,-0.0749434177196217,0.0,-0.0201480590997472,-0.2053045730804153,0.0,-0.6744907594765952
1000000341,FAMILY,NJ,2024-04,0.9214310500381708,0.0102713581789159,0.0,0.9401068776459156,0.0817861682482634,0.8986050385175932,0,0,0,31,31,1.0,2424.57,78.21193548387097,78.21193548387097,143.62,0.93010306982269,1.064516129032258,0.1935483870967742,0.0,0.0,0.0,0.0,13,5,2.298254648403904,0.032258064516129,0.93,0.8654408343972312,0.0,0.0,0.0,-0.717119390481011,-1.1535015861411726,0.0,0.0
1000000312,FAMILY,CT,2024-06,0.9213998195572212,0.0103407592476924,0.0,0.9401068776459156,0.0818030422727363,0.8985356374488167,0,0,0,27,27,1.0,2283.07,84.55814814814815,84.55814814814815,138.35,0.9063322631369164,1.037037037037037,0.2962962962962963,0.0,0.0,0.0,0.0,11,5,2.21827106903453,0.0,0.9310344827586208,0.9949635961114954,0.0,-0.3372453797382976,0.0,-0.1086059159792282,-0.4196831392298817,0.0,0.0
1000000889,FAMILY,PA,2024-09,0.9213685890762716,0.0104101603164688,0.0953695215999159,0.8620306752723992,0.0241333972304851,0.9938927059476717,0,1,0,31,31,1.0,2628.43,84.78806451612903,84.78806451612903,158.08499999999998,0.9188146536145152,1.064516129032258,0.2258064516129032,0.0,0.0,0.0,0.0,14,5,2.3963599179783617,0.032258064516129,1.0333333333333334,1.068299562670366,0.0,-0.5395926075812761,0.0,0.0953695215999159,-1.1128729761047873,0.0,0.0
1000000333,FAMILY,NY,2024-11,0.9211812061905754,0.0104795613852453,0.0,0.9401068776459156,0.0820634393435481,0.8980498299673815,0,0,0,28,28,1.0,2141.14,76.4692857142857,76.4692857142857,147.422,0.9226206600222312,1.0357142857142858,0.2142857142857142,0.0,0.0,0.0,0.0,12,5,2.415776056100335,0.0,0.875,0.8407793880500115,0.0,-0.5058680696074465,0.0,-0.913341113522321,-0.9185921771919372,0.0,0.0
1000000818,IM,NJ,2024-01,0.9210875147477272,0.0105489624540217,0.0,0.9401068776459156,0.0822453608381323,0.8978416267610522,0,0,0,28,28,1.0,2496.9,89.175,89.175,140.2965,0.9239256678281068,1.0714285714285714,0.1785714285714285,0.0,0.0,0.0,0.0,15,5,2.5001892410862996,0.0,1.0,1.0,0.0,-0.6744907594765952,0.0,-0.0535541578029335,-1.2591609959790542,0.0,-0.6744907594765952
1000000080,FAMILY,MA,2024-09,0.920993823304879,0.0106183635227982,0.0,0.9401068776459156,0.0823108853272251,0.8976334235547228,0,0,0,26,26,1.0,2111.45,81.20961538461538,81.20961538461538,142.4975,0.9329560254801204,1.0384615384615383,0.1923076923076923,0.0,0.0,0.0,0.0,12,5,2.3218302371746207,0.0384615384615384,1.0263157894736843,1.0168573235687888,0.0,-0.4496605063177301,0.0,-0.3967746175556377,-1.0780322395053266,0.0,0.0
1000000735,FAMILY,NY,2024-06,0.9207439794572836,0.0106877645915747,0.0,0.9401068776459156,0.0825450845524496,0.897078215004511,0,0,0,27,27,1.0,2047.74,75.84222222222222,75.84222222222222,143.774,0.9309433814839774,1.0,0.3333333333333333,0.0,0.0,0.0,0.0,12,5,2.3109381845045647,0.0,1.051948051948052,0.9367406314043132,0.0,-0.6744907594765952,0.0,-0.6744907594765952,-0.1411724845416123,0.0,0.0
1000000652,FAMILY,NJ,2024-09,0.9205461864112708,0.0107571656603511,0.0229555954713494,0.8766048997154556,0.0453323932577532,0.9742522034839336,0,1,0,29,29,1.0,2419.68,83.43724137931034,83.43724137931034,164.438,0.902631752959069,1.0344827586206895,0.2758620689655172,0.0,0.0,0.0,0.0,12,5,2.354714687823253,0.0,0.956043956043956,1.0221696519094288,0.0,-0.421556724672872,0.0,0.0229555954713494,-0.2175993066879076,0.0,0.0
1000000322,FAMILY,CT,2024-08,0.9205392463043932,0.0108265667291276,0.0439704943272141,0.8727878409327504,0.0415404322184754,0.9789020750919564,0,1,0,29,29,1.0,2414.47,83.25758620689655,83.25758620689655,142.14399999999998,0.93612262732608,1.0344827586206895,0.2413793103448276,0.0,0.0,0.0,0.0,14,5,2.43466510325488,0.0,0.9886363636363636,0.9715981569787328,0.0,-0.2997736708784868,0.0,0.0439704943272141,-0.3552177040503693,0.0,-0.6744907594765952
1000001187,FAMILY,NY,2024-03,0.920150600319245,0.010895967797904,0.0,0.9401068776459156,0.0831465967743059,0.8957595946977583,0,0,0,33,33,1.0,2611.31,79.13060606060606,79.13060606060606,158.78199999999995,0.9106502100478304,1.0303030303030305,0.2121212121212121,0.0,0.0,0.0,0.0,15,5,2.5411418897442517,0.0303030303030303,0.99,0.9428473425765452,0.0,0.0,0.0,-0.5233700032678787,-1.0111349888053776,0.0,0.0
1000000000,FAMILY,PA,2024-03,0.9197446040669028,0.0109653688666805,0.0,0.9401068776459156,0.0834622792007927,0.8948573808036644,0,0,0,33,33,1.0,2826.83,85.66151515151515,85.66151515151515,165.93599999999998,0.9053321211392268,1.0606060606060606,0.303030303030303,0.0,0.0,0.0,0.0,13,6,2.4386278473085112,0.0,0.9705882352941176,0.9963379646273466,0.0,-0.269796303790638,0.0,-0.0041336972903671,-0.0855153731973115,0.0,-0.6744907594765952
1000000976,IM,NJ,2024-11,0.9195884516621556,0.011034769935457,0.0,0.9401068776459156,0.0835659853755245,0.8945103754597821,0,0,0,30,30,1.0,2342.32,78.07733333333334,78.07733333333334,147.16549999999998,0.919242460466546,1.1,0.2333333333333333,0.0,0.0,0.0,0.0,13,5,2.445022149143761,0.0,0.9375,0.8206170253018211,0.0,0.0,0.0,-1.2738956020553078,-0.7066093670707189,0.0,-0.6744907594765952
1000001026,IM,NJ,2024-10,0.919463529738358,0.0111041710042334,0.0,0.9401068776459156,0.0836417606076859,0.8942327711846763,0,0,0,28,28,1.0,2243.51,80.12535714285714,80.12535714285714,150.14749999999998,0.91677327045567,1.0357142857142858,0.25,0.0,0.0,0.0,0.0,11,5,2.2737963056294093,0.0,1.105263157894737,1.0929609439321084,0.0,-0.5058680696074465,0.0,-1.2559302707816398,-0.0461979972244241,0.0,-0.6744907594765952
1000000304,IM,MA,2024-07,0.9194010687764592,0.0111735720730099,0.0,0.9401068776459156,0.0837095695841806,0.8940939690471233,0,0,0,27,27,1.0,2093.03,77.51962962962963,77.51962962962963,164.05999999999997,0.9146834971309536,1.0740740740740742,0.2222222222222222,0.0,0.0,0.0,0.0,12,5,2.2696153046315635,0.0,1.0,0.9275778731752284,0.0,-0.3372453797382976,0.0,-1.3700537842464342,-0.266678219987705,0.0,0.0
1000000377,IM,NJ,2024-10,0.9192449163717122,0.0112429731417863,0.0,0.9401068776459156,0.0839246224128683,0.893746963703241,0,0,0,29,29,1.0,2475.98,85.37862068965518,85.37862068965518,149.224,0.9369542564964176,1.0344827586206895,0.2068965517241379,0.0,0.0,0.0,0.0,15,5,2.5780748647500404,0.0,0.956043956043956,0.9802341601431565,0.0,-0.3372453797382976,0.0,-0.4293980461345167,-0.6674814081735794,0.0,-0.6744907594765952
1000001023,IM,PA,2024-11,0.9191633701158998,0.0113123742105628,0.0749434177196217,0.8663682420709279,0.0375610054259058,0.983690748837532,0,1,0,33,33,1.0,2722.99,82.51484848484847,82.51484848484847,151.30200000000002,0.9301172608052178,1.0606060606060606,0.2727272727272727,0.0,0.0,0.0,0.0,12,5,2.356707627514638,0.0,0.9428571428571428,0.9140259696666236,0.0,0.0749434177196217,0.0,-0.6699074826229329,-0.4254941951806003,0.0,-0.6744907594765952
1000000561,IM,NJ,2024-03,0.918974252203484,0.0113817752793393,0.0044172798347768,0.8793115413977375,0.0500568914604321,0.9674508987438406,0,0,0,31,31,1.0,2752.92,88.80387096774194,88.80387096774194,155.95,0.92059703878064,1.0,0.2903225806451613,0.0,0.0,0.0,0.0,14,5,2.469854905565857,0.0,1.1625,1.0623743386498616,0.0,0.0,0.0,0.0044172798347768,-0.5047801812857091,0.0,0.0
1000000919,FAMILY,PA,2024-12,0.9189638420431676,0.0114511763481157,0.0,0.9401068776459156,0.0841082711107236,0.8931223540842529,0,0,0,32,32,1.0,2452.95,76.6546875,76.6546875,156.4425,0.914604863531666,1.0625,0.28125,0.0,0.0,0.0,0.0,13,6,2.410223160758827,0.0,0.96,0.9204200072544432,0.0,-0.5395926075812761,0.0,-0.831746298778021,-0.1849267218681458,0.0,0.0
1000000519,IM,NY,2024-09,0.9183704629051288,0.0115205774168922,0.0,0.9401068776459156,0.0844594002743013,0.8918037337775002,0,0,0,29,29,1.0,2503.79,86.33758620689655,86.33758620689655,143.396,0.9181800390607838,1.0,0.2758620689655172,0.0,0.0,0.0,0.0,13,5,2.4049048888633164,0.0689655172413793,0.8969072164948453,0.8656005549896054,0.0,-0.5058680696074465,0.0,-0.0967585915340393,-0.2368118027002467,0.0,0.0
1000000739,FAMILY,MA,2024-07,0.9182455409813312,0.0115899784856686,0.0,0.9401068776459156,0.0846238042133492,0.8915261295023943,0,0,0,26,26,1.0,2165.21,83.27730769230769,83.27730769230769,148.0525,0.9332859168394751,1.0384615384615383,0.1538461538461538,0.0,0.0,0.0,0.0,12,5,2.3218302371746207,0.0,1.0263157894736843,1.0390979680766312,0.0,-0.5058680696074465,0.0,-0.1559323633416686,-1.2031456790663593,0.0,0.0
1000001136,IM,MA,2024-07,0.9178395447289888,0.0116593795544451,0.0,0.9401068776459156,0.0849148894759405,0.8906239156083003,0,0,0,28,28,1.0,2445.49,87.33892857142858,87.33892857142858,135.75599999999997,0.9393577565232324,1.0,0.25,0.0,0.0,0.0,0.0,12,5,2.345105914174392,0.0357142857142857,0.9655172413793104,0.9406430221734436,0.0,-0.1686226898691488,0.0,-0.0089499281737636,0.0,0.0,0.0
1000001009,IM,CT,2024-12,0.9177146228051912,0.0117287806232215,0.0,0.9401068776459156,0.0851646631455615,0.8903463113331945,0,0,0,27,27,1.0,2257.12,83.59703703703703,83.59703703703703,136.757,0.9062389239384704,1.0,0.2592592592592592,0.0,0.0,0.0,0.0,12,4,2.4161904138112957,0.0,0.9101123595505618,0.8666109519159518,0.0,-0.3372453797382976,0.0,-0.6744907594765952,-0.2623019620186773,0.0,0.0
1000000010,IM,NY,2024-01,0.9172149351100009,0.0118328822263862,0.0610621886334733,0.8695259907002568,0.044506884797618,0.97550142272191,0,1,0,30,30,1.0,2690.71,89.69033333333333,89.69033333333333,154.6675,0.921585752459388,1.0,0.1666666666666666,0.0,0.0,0.0,0.0,14,5,2.433695546690734,0.0,1.0,1.0,0.0,-0.4496605063177301,0.0,0.0610621886334733,-1.2044477847796358,0.0,0.0
1000000484,FAMILY,NJ,2024-12,0.9172149351100009,0.0118328822263862,0.0,0.9401068776459156,0.0855477144501517,0.8892358942327712,0,0,0,29,29,1.0,2434.9,83.96206896551725,83.96206896551725,131.82,0.908082467452462,1.0344827586206895,0.3103448275862069,0.0,0.0,0.0,0.0,14,5,2.4298912088381934,0.0689655172413793,1.023529411764706,1.0632534417057005,0.0,0.0,0.0,-0.0004410309630714,0.0,0.0,0.0
1000000764,FAMILY,NY,2024-01,0.9171837046290514,0.0119369838295509,0.0,0.9401068776459156,0.0855605367277881,0.8891664931639948,0,0,0,26,26,1.0,2089.77,80.37576923076924,80.37576923076924,131.6875,0.9179814046521866,1.0769230769230769,0.2307692307692307,0.0,0.0,0.0,0.0,14,5,2.491505414965982,0.0,1.0,1.0,0.0,-1.011736139214893,0.0,-0.3194770532813898,-0.410354518003244,0.0,0.0
1000000264,IM,MA,2024-11,0.917152474148102,0.0120063848983274,0.0,0.9401068776459156,0.0855667401217575,0.8890970920952183,0,0,0,24,24,1.0,2016.36,84.015,84.015,161.13899999999998,0.9080422146838858,1.0416666666666667,0.25,0.0,0.0,0.0,0.0,12,5,2.3370521329038323,0.0,0.8999999999999999,0.8553708490528685,0.0,-0.6744907594765952,0.0,-0.588428370168999,-0.4943244697735308,0.0,0.0
1000000118,IM,PA,2024-07,0.916996321743355,0.0120757859671038,0.0,0.9401068776459156,0.085665844204493,0.8887500867513359,0,0,0,37,37,1.0,2992.87,80.88837837837838,80.88837837837838,140.608,0.9230571324514596,1.027027027027027,0.2162162162162162,0.0,0.0,0.0,0.0,14,5,2.436857079107922,0.0,0.925,0.8963157516441654,0.0,0.0,0.0,-0.8622911465306943,-0.6448274044700273,0.0,-0.6744907594765952
1000000672,FAMILY,MA,2024-05,0.9168089388576586,0.0121451870358803,0.0,0.9401068776459156,0.0858562716810965,0.8883336803386772,0,0,0,27,27,1.0,2190.79,81.14037037037036,81.14037037037036,146.31300000000002,0.9088365384176484,1.037037037037037,0.2592592592592592,0.0,0.0,0.0,0.0,12,5,2.377431292050959,0.0,0.8181818181818182,0.8247255670610202,0.0,-0.6744907594765952,0.0,-0.1371651957716887,-0.0912354650499743,0.0,0.0
1000000137,FAMILY,NY,2024-05,0.916621555971962,0.0122145881046568,0.0,0.9401068776459156,0.0860172158612742,0.8879172739260185,0,0,0,30,30,1.0,2465.56,82.18533333333333,82.18533333333333,150.2395,0.9136220574636188,1.0333333333333334,0.1666666666666666,0.0,0.0,0.0,0.0,13,6,2.4049273394455564,0.0,0.967741935483871,0.9356123611921005,0.0,-0.4496605063177301,0.0,-0.2200700373471276,-0.9377066656138008,0.0,0.0
1000000843,FAMILY,PA,2024-11,0.9165903254910126,0.0122839891734332,0.0,0.9401068776459156,0.0860481923628247,0.887847872857242,0,0,0,34,34,1.0,2743.38,80.68764705882353,80.68764705882353,145.96349999999998,0.917634450932791,1.0588235294117647,0.1764705882352941,0.0,0.0,0.0,0.0,11,5,2.3003265725751207,0.0,0.962264150943396,0.9600506730155692,0.0,-0.1686226898691488,0.0,-0.3449884660224667,-1.166472254624228,0.0,-0.6744907594765952
1000000323,IM,MA,2024-02,0.9164966340481644,0.0123533902422097,0.0,0.9401068776459156,0.086100963224474,0.8876396696509127,0,0,0,28,28,1.0,2277.97,81.35607142857143,81.35607142857143,131.6865,0.9247882983533584,1.0,0.2142857142857142,0.0,0.0,0.0,0.0,11,5,2.316755030306057,0.0,1.018181818181818,0.9951030500004368,0.0,0.0,0.0,-0.6673235744771772,-0.8322613748048807,0.0,0.0
1000000222,FAMILY,NJ,2024-03,0.9160594073148728,0.0124227913109861,0.0,0.9401068776459156,0.0864759016380573,0.8866680546880422,0,0,0,27,27,1.0,1988.2,73.63703703703703,73.63703703703703,136.058,0.918921637662207,1.037037037037037,0.2962962962962963,0.0,0.0,0.0,0.0,14,5,2.4287755276479923,0.0,1.0384615384615383,0.8730923153940964,0.0,-0.5395926075812761,0.0,-1.3075647825091994,-0.2160613634665012,0.0,-0.6744907594765952
1000000301,FAMILY,MA,2024-11,0.9157158720244292,0.0124921923797626,0.0,0.9401068776459156,0.0868030333124317,0.8859046429315012,0,0,0,29,29,1.0,2243.74,77.37034482758621,77.37034482758621,135.994,0.9239127528144973,1.0689655172413792,0.2758620689655172,0.0,0.0,0.0,0.0,13,6,2.411848169398037,0.0,1.0481927710843373,1.0025737495419975,0.0,-0.1686226898691488,0.0,-0.8564364182937497,-0.2827719880927292,0.0,0.0
1000000412,IM,NJ,2024-08,0.9154347976958844,0.0125615934485391,0.0,0.9401068776459156,0.0871227312817563,0.885280033312513,0,0,0,27,27,1.0,1969.79,72.95518518518519,72.95518518518519,150.67299999999997,0.9313632417668888,1.037037037037037,0.2222222222222222,0.0,0.0,0.0,0.0,13,5,2.304143737461093,0.0,0.9642857142857144,0.9092233696856306,0.0,-0.6744907594765952,0.0,-2.149634886600414,-0.8175077816248734,0.0,0.0
1000000583,IM,NY,2024-09,0.9151259629398292,0.0126309945173155,0.0716923198368815,0.8673745575681866,0.0457563161585659,0.9734887917273926,0,1,0,31,31,1.0,2709.75,87.41129032258064,87.41129032258064,153.375,0.9129513792785312,1.064516129032258,0.2258064516129032,0.0,0.0,0.0,0.0,14,5,2.4999280567399635,0.032258064516129,0.9117647058823528,0.8539119181597499,0.0,-0.1686226898691488,0.0,0.0716923198368815,-0.8169052306857288,0.0,0.0
1000000412,IM,NJ,2024-02,0.9151086126726352,0.012700395586092,0.1277521228593855,0.856270386563953,0.0346017755776253,0.987022000138802,0,1,0,29,29,1.0,2541.82,87.64896551724138,87.64896551724138,137.77599999999998,0.908703212658646,1.0,0.2758620689655172,0.0,0.0,0.0,0.0,13,5,2.354714687823253,0.0344827586206896,1.0,0.9654491346615848,0.0,0.0,0.0,-0.3814806756899914,-0.2385424817995469,0.0,0.1277521228593855
1000000377,IM,NJ,2024-09,0.9150288014435424,0.0127697966548684,0.0,0.9401068776459156,0.0875143500223296,0.8843778194184191,0,0,0,28,28,1.0,2358.94,84.24785714285714,84.24785714285714,144.68799999999996,0.912541226143946,1.1071428571428572,0.2857142857142857,0.0,0.0,0.0,0.0,13,5,2.413303860777408,0.0,0.8571428571428572,0.8538860828834741,0.0,-0.3372453797382976,0.0,-0.7832897388038598,-0.0570722950326347,0.0,0.0
1000001128,IM,NJ,2024-01,0.9147060864737316,0.0128391977236449,0.1630419640628383,0.8459990283850372,0.0136818894287947,0.9986813796932472,0,1,0,31,31,1.0,2651.91,85.54548387096774,85.54548387096774,149.97,0.9153478059210156,1.032258064516129,0.2258064516129032,0.0,0.0,0.0,0.0,14,5,2.5086563343060555,0.032258064516129,1.0,1.0,0.0,-0.1686226898691488,0.0,-0.5562784491310708,-0.498641832811226,0.0,0.1630419640628383
1000000916,FAMILY,CT,2024-06,0.9145603442293012,0.0129085987924214,0.0,0.9401068776459156,0.0878102604226049,0.8833368033867721,0,0,0,27,27,1.0,2114.17,78.30259259259259,78.30259259259259,148.04999999999998,0.9066915148734492,1.037037037037037,0.3333333333333333,0.0,0.0,0.0,0.0,11,5,2.2553632599767246,0.0,1.0657894736842106,1.0073664298545295,0.0,-0.3372453797382976,0.0,-0.9265988297656964,0.0,0.0,0.0
1000000968,FAMILY,CT,2024-01,0.914542993962107,0.0129779998611978,0.1648183773743486,0.8453050176972725,0.0104364525914866,0.9991671871746824,0,1,0,31,31,1.0,2518.27,81.23451612903226,81.23451612903226,150.07,0.9222442391006525,1.064516129032258,0.2580645161290322,0.0,0.0,0.0,0.0,13,5,2.4720878561801136,0.0,1.0,1.0,0.0,0.0,0.0,-0.1645443296711521,0.1648183773743486,0.0,0.0
1000000634,FAMILY,CT,2024-04,0.9145291137483518,0.0130474009299743,0.0,0.9401068776459156,0.0878106509713756,0.8832674023179957,0,0,0,28,28,1.0,2284.45,81.58749999999999,81.58749999999999,154.71549999999996,0.9083280439493094,1.1071428571428572,0.2857142857142857,0.0,0.0,0.0,0.0,13,5,2.4157760561003347,0.0357142857142857,1.0632911392405064,1.0507002521981097,0.0,-0.1686226898691488,0.0,-0.1060561563096137,0.0,0.0,0.0
1000000734,IM,NY,2024-05,0.9143417308626554,0.0131168019987507,0.0,0.9401068776459156,0.0879388891751424,0.8828509959053369,0,0,0,31,31,1.0,2672.55,86.21129032258065,86.21129032258065,163.965,0.9288881405399336,1.064516129032258,0.1935483870967742,0.0,0.0,0.0,0.0,15,5,2.5674439462579697,0.0,1.0,1.016743134972266,0.0,-0.134898151895319,0.0,-0.220844718626604,-0.915106058872418,0.0,0.0
1000000058,IM,NY,2024-06,0.9142168089388576,0.0131862030675272,0.0,0.9401068776459156,0.0881029817429181,0.8825733916302311,0,0,0,25,25,1.0,2132.17,85.2868,85.2868,154.85599999999994,0.9176332093594788,1.0,0.28,0.0,0.0,0.0,0.0,13,4,2.477072831335276,0.0,0.8620689655172413,0.8426794437389008,0.0,-0.9442870632672332,0.0,-0.4789922637989266,-0.521606187328566,0.0,0.0
1000000745,FAMILY,MA,2024-01,0.914171698244153,0.0132556041363037,0.1445337341735561,0.8506488999930599,0.0274144625346666,0.9918106738843778,0,1,0,28,28,1.0,2263.88,80.85285714285715,80.85285714285715,154.60549999999998,0.9125130307260102,1.0357142857142858,0.2857142857142857,0.0,0.0,0.0,0.0,13,5,2.3824807815861457,0.0,1.0,1.0,0.0,-0.224830253158865,0.0,-0.1418661421686993,0.1445337341735561,0.0,0.0
1000000530,FAMILY,NY,2024-08,0.9140294260531612,0.0133250052050801,0.0,0.9401068776459156,0.0881951300937999,0.8821569852175724,0,0,0,32,32,1.0,2557.96,79.93625,79.93625,132.79549999999998,0.9189784046662184,1.0,0.21875,0.0,0.0,0.0,0.0,13,5,2.4309010070665913,0.0,1.170731707317073,1.156992496166667,0.0,-0.1686226898691488,0.0,-0.2598106683824228,-0.8002432739552814,0.0,0.0
1000000158,IM,NY,2024-05,0.9138732736484144,0.0133944062738566,0.0,0.9401068776459156,0.0883026568172065,0.88180997987369,0,0,0,30,30,1.0,2570.23,85.67433333333334,85.67433333333334,155.39799999999997,0.9302007991502704,1.1,0.1666666666666666,0.0,0.0,0.0,0.0,13,5,2.396504954805033,0.0,1.1111111111111112,1.0812081525054162,0.0,-0.269796303790638,0.0,-0.3004395975181721,-1.2894676284111355,0.0,0.0
1000001130,IM,NY,2024-01,0.9138420431674648,0.013463807342633,0.0,0.9401068776459156,0.0884249978024111,0.8817405788049136,0,0,0,31,31,1.0,2357.75,76.05645161290323,76.05645161290323,139.72,0.9005280458063833,1.0,0.2258064516129032,0.0,0.0,0.0,0.0,12,5,2.32977964254865,0.032258064516129,1.0,1.0,0.0,-0.224830253158865,0.0,-1.717498589189664,-0.2642014495645653,0.0,0.0
1000000104,IM,NY,2024-05,0.9137604969116524,0.0135332084114095,0.134898151895319,0.8538760496911653,0.0346785831948003,0.9869525990700256,0,1,0,33,33,1.0,2911.95,88.24090909090908,88.24090909090908,156.07999999999998,0.9307199642851012,1.0,0.2424242424242424,0.0,0.0,0.0,0.0,14,5,2.466878383259945,0.0,1.0531914893617025,1.0169198533263488,0.0,0.134898151895319,0.0,0.0800122648863693,-0.2344486597111149,0.0,0.0
1000000454,FAMILY,PA,2024-11,0.9134048164341732,0.0136026094801859,0.0,0.9401068776459156,0.0886711804308944,0.8807689638420432,0,0,0,35,35,1.0,2674.36,76.41028571428572,76.41028571428572,140.75199999999998,0.9347170911919112,1.0857142857142856,0.2285714285714285,0.0,0.0,0.0,0.0,14,5,2.39916786197237,0.0,1.0294117647058822,0.9472774457413676,0.0,0.0,0.0,-1.0500513753275933,-0.5550095392264551,0.0,-0.6744907594765952
1000000429,FAMILY,PA,2024-04,0.912936359219932,0.0136720105489624,0.0,0.9401068776459156,0.0889870232790949,0.8797279478103963,0,0,0,34,34,1.0,2783.42,81.86529411764707,81.86529411764707,144.30749999999998,0.9251927484892684,1.0294117647058822,0.1764705882352941,0.0,0.0,0.0,0.0,12,5,2.3236743592902203,0.0,0.8869565217391304,0.8631393104816993,0.0,0.0,0.0,-0.1655442655127718,-1.1614162072861436,0.0,-0.6744907594765952
1000000946,IM,CT,2024-08,0.9128114372961345,0.0137414116177389,0.0,0.9401068776459156,0.0890419997233503,0.8794503435352904,0,0,0,26,26,1.0,2192.81,84.33884615384615,84.33884615384615,139.87,0.9219129792366872,1.0769230769230769,0.2692307692307692,0.0,0.0,0.0,0.0,11,5,2.2483862946790656,0.0384615384615384,0.975,0.9326277884499514,0.0,-0.6744907594765952,0.0,-0.6260615555557306,-0.5997779368884189,0.0,0.0
1000000689,FAMILY,NY,2024-03,0.9124366715247416,0.0138108126865153,0.0,0.9401068776459156,0.0894141973774226,0.878617530709973,0,0,0,30,30,1.0,2296.61,76.55366666666667,76.55366666666667,112.07249999999998,0.9234393301431238,1.0666666666666669,0.2333333333333333,0.0,0.0,0.0,0.0,12,5,2.3526025250691016,0.0,1.0112359550561798,0.9395457613713072,0.0,-0.5058680696074465,0.0,-0.8475572869455406,-0.7670679225420107,0.0,0.0
1000000241,FAMILY,NY,2024-11,0.911936983829551,0.0138802137552918,0.0,0.9401068776459156,0.0899016919680415,0.8775071136095496,0,0,0,30,30,1.0,2311.2,77.03999999999999,77.03999999999999,134.72899999999996,0.923944271374178,1.0,0.2,0.0,0.0,0.0,0.0,13,5,2.442117931331258,0.0,0.8737864077669902,0.8185507958132736,0.0,-0.1686226898691488,0.0,-0.8400941447674944,-1.0911761619976936,0.0,0.0
